LINE0,0,1
LINE1,0,2
LINE2,0,1969
LINE3,0,1998
LINE4,0,1999
LINE5,1,3
LINE6,1,1645
LINE7,2,1907
LINE8,2,3
LINE9,2,4
LINE10,3,1448
LINE11,3,1715
LINE12,3,281
LINE13,4,370
LINE14,4,5
LINE15,5,7
LINE16,5,502
LINE17,5,1623
LINE18,5,828
LINE19,6,1171
LINE20,6,820
LINE21,6,1114
LINE22,7,192
LINE23,7,9
LINE24,7,144
LINE25,7,360
LINE26,8,10
LINE27,8,1103
LINE28,8,1503
LINE29,9,10
LINE30,9,11
LINE31,10,1196
LINE32,10,12
LINE33,10,793
LINE34,11,1868
LINE35,11,13
LINE36,12,1180
LINE37,12,13
LINE38,12,14
LINE39,13,78
LINE40,13,14
LINE41,13,15
LINE42,14,15
LINE43,14,16
LINE44,14,122
LINE45,14,511
LINE46,15,1130
LINE47,15,26
LINE48,16,128
LINE49,16,17
LINE50,16,18
LINE51,17,1860
LINE52,17,19
LINE53,17,1636
LINE54,17,1850
LINE55,18,19
LINE56,18,1455
LINE57,19,20
LINE58,19,21
LINE59,20,1620
LINE60,20,1923
LINE61,20,956
LINE62,20,1491
LINE63,21,509
LINE64,21,23
LINE65,22,24
LINE66,22,23
LINE67,23,101
LINE68,23,24
LINE69,23,25
LINE70,23,1151
LINE71,24,300
LINE72,24,525
LINE73,24,25
LINE74,24,541
LINE75,25,1223
LINE76,25,1517
LINE77,25,1364
LINE78,25,989
LINE79,25,286
LINE80,26,1665
LINE81,26,1852
LINE82,26,27
LINE83,26,28
LINE84,27,1616
LINE85,27,28
LINE86,27,29
LINE87,28,1664
LINE88,28,1662
LINE89,29,444
LINE90,29,30
LINE91,30,1803
LINE92,30,466
LINE93,30,918
LINE94,30,31
LINE95,31,33
LINE96,31,1033
LINE97,32,33
LINE98,32,1161
LINE99,33,290
LINE100,33,1901
LINE101,33,1585
LINE102,34,1728
LINE103,34,35
LINE104,34,36
LINE105,35,1803
LINE106,35,36
LINE107,36,38
LINE108,36,866
LINE109,36,1999
LINE110,36,1081
LINE111,37,648
LINE112,37,1382
LINE113,37,39
LINE114,38,1470
LINE115,38,39
LINE116,39,931
LINE117,39,1848
LINE118,39,741
LINE119,40,41
LINE120,40,1220
LINE121,40,198
LINE122,41,42
LINE123,41,43
LINE124,41,365
LINE125,42,960
LINE126,42,1982
LINE127,43,71
LINE128,43,1383
LINE129,43,44
LINE130,43,1488
LINE131,43,1336
LINE132,44,45
LINE133,44,46
LINE134,44,724
LINE135,44,1660
LINE136,45,668
LINE137,45,435
LINE138,46,48
LINE139,46,47
LINE140,47,1697
LINE141,47,1076
LINE142,47,1429
LINE143,47,157
LINE144,48,49
LINE145,48,346
LINE146,49,895
LINE147,49,51
LINE148,50,241
LINE149,50,51
LINE150,51,1504
LINE151,51,591
LINE152,51,52
LINE153,51,628
LINE154,51,1871
LINE155,52,1177
LINE156,52,514
LINE157,53,54
LINE158,53,55
LINE159,54,1963
LINE160,54,1749
LINE161,54,55
LINE162,55,1827
LINE163,55,654
LINE164,55,56
LINE165,55,57
LINE166,56,1672
LINE167,56,57
LINE168,57,91
LINE169,57,326
LINE170,57,1097
LINE171,57,1411
LINE172,57,539
LINE173,58,792
LINE174,58,1538
LINE175,59,1320
LINE176,59,1611
LINE177,59,60
LINE178,60,1604
LINE179,60,1520
LINE180,60,1333
LINE181,61,1224
LINE182,61,1577
LINE183,61,1329
LINE184,61,885
LINE185,62,64
LINE186,62,1140
LINE187,62,1581
LINE188,62,63
LINE189,63,64
LINE190,63,65
LINE191,63,445
LINE192,64,66
LINE193,64,1994
LINE194,65,67
LINE195,65,1445
LINE196,65,1994
LINE197,65,378
LINE198,66,1147
LINE199,66,1867
LINE200,66,477
LINE201,67,1826
LINE202,67,1179
LINE203,67,69
LINE204,68,386
LINE205,68,1908
LINE206,68,69
LINE207,69,1229
LINE208,69,71
LINE209,70,72
LINE210,70,1004
LINE211,70,1518
LINE212,70,622
LINE213,71,1863
LINE214,71,72
LINE215,72,259
LINE216,72,1949
LINE217,72,1870
LINE218,72,1117
LINE219,72,669
LINE220,73,74
LINE221,73,75
LINE222,74,75
LINE223,74,1389
LINE224,75,76
LINE225,75,77
LINE226,75,786
LINE227,75,538
LINE228,76,1955
LINE229,76,77
LINE230,77,737
LINE231,77,742
LINE232,77,79
LINE233,77,1142
LINE234,78,80
LINE235,79,272
LINE236,79,1406
LINE237,79,1741
LINE238,80,680
LINE239,80,897
LINE240,81,422
LINE241,81,1773
LINE242,81,1711
LINE243,82,84
LINE244,82,1198
LINE245,83,521
LINE246,83,1645
LINE247,83,1373
LINE248,84,85
LINE249,84,86
LINE250,85,258
LINE251,85,1511
LINE252,85,725
LINE253,85,87
LINE254,86,88
LINE255,86,1902
LINE256,86,87
LINE257,87,88
LINE258,87,89
LINE259,88,1088
LINE260,88,1384
LINE261,88,566
LINE262,88,863
LINE263,89,652
LINE264,89,1112
LINE265,89,374
LINE266,89,408
LINE267,89,91
LINE268,90,1444
LINE269,90,416
LINE270,90,92
LINE271,91,1935
LINE272,91,1009
LINE273,92,1426
LINE274,92,890
LINE275,92,93
LINE276,92,94
LINE277,93,547
LINE278,93,1933
LINE279,93,94
LINE280,94,96
LINE281,94,129
LINE282,94,308
LINE283,94,95
LINE284,95,97
LINE285,95,1554
LINE286,96,97
LINE287,96,547
LINE288,96,1221
LINE289,96,1224
LINE290,96,991
LINE291,97,99
LINE292,97,1221
LINE293,97,1259
LINE294,97,1304
LINE295,98,1583
LINE296,98,100
LINE297,98,383
LINE298,99,899
LINE299,99,570
LINE300,99,287
LINE301,100,101
LINE302,100,102
LINE303,101,1643
LINE304,102,104
LINE305,102,103
LINE306,103,104
LINE307,103,105
LINE308,103,1843
LINE309,104,105
LINE310,104,517
LINE311,105,204
LINE312,105,785
LINE313,105,1434
LINE314,105,187
LINE315,106,769
LINE316,106,1031
LINE317,106,585
LINE318,106,171
LINE319,106,917
LINE320,107,109
LINE321,107,257
LINE322,108,1584
LINE323,108,109
LINE324,109,192
LINE325,109,1734
LINE326,110,112
LINE327,110,1638
LINE328,110,255
LINE329,111,112
LINE330,111,1021
LINE331,112,1261
LINE332,112,113
LINE333,112,1013
LINE334,113,1825
LINE335,113,1836
LINE336,113,114
LINE337,113,1695
LINE338,114,115
LINE339,114,529
LINE340,115,117
LINE341,115,1065
LINE342,116,118
LINE343,116,1276
LINE344,116,1887
LINE345,117,1760
LINE346,117,1255
LINE347,117,1740
LINE348,117,653
LINE349,117,119
LINE350,117,280
LINE351,118,120
LINE352,118,119
LINE353,119,120
LINE354,119,1441
LINE355,119,130
LINE356,120,801
LINE357,120,1763
LINE358,121,1644
LINE359,121,1904
LINE360,121,949
LINE361,121,123
LINE362,122,1333
LINE363,122,1367
LINE364,123,419
LINE365,123,1392
LINE366,123,124
LINE367,124,125
LINE368,124,126
LINE369,124,1647
LINE370,125,743
LINE371,125,1480
LINE372,125,810
LINE373,125,973
LINE374,125,126
LINE375,125,127
LINE376,126,128
LINE377,126,881
LINE378,126,127
LINE379,127,754
LINE380,127,405
LINE381,128,341
LINE382,129,675
LINE383,129,1253
LINE384,129,1041
LINE385,129,1782
LINE386,130,131
LINE387,130,1011
LINE388,131,1542
LINE389,131,657
LINE390,131,1684
LINE391,132,1450
LINE392,132,134
LINE393,133,1108
LINE394,133,1918
LINE395,133,135
LINE396,134,135
LINE397,134,136
LINE398,134,401
LINE399,134,1724
LINE400,135,136
LINE401,135,1126
LINE402,136,137
LINE403,136,1426
LINE404,136,1978
LINE405,136,636
LINE406,137,257
LINE407,137,138
LINE408,137,139
LINE409,137,1485
LINE410,138,139
LINE411,138,140
LINE412,138,1788
LINE413,139,194
LINE414,139,164
LINE415,139,140
LINE416,139,141
LINE417,140,1781
LINE418,140,142
LINE419,141,1819
LINE420,141,142
LINE421,142,144
LINE422,142,1265
LINE423,142,143
LINE424,143,1491
LINE425,143,144
LINE426,143,1555
LINE427,144,1864
LINE428,144,146
LINE429,145,146
LINE430,145,1171
LINE431,145,171
LINE432,145,590
LINE433,146,1190
LINE434,146,148
LINE435,146,1176
LINE436,147,1391
LINE437,147,272
LINE438,147,463
LINE439,148,1258
LINE440,148,1837
LINE441,148,149
LINE442,148,150
LINE443,149,1475
LINE444,149,1227
LINE445,149,1907
LINE446,149,150
LINE447,149,600
LINE448,150,902
LINE449,150,151
LINE450,151,1668
LINE451,151,1962
LINE452,152,176
LINE453,152,154
LINE454,152,253
LINE455,153,1435
LINE456,153,913
LINE457,153,155
LINE458,154,1858
LINE459,154,1071
LINE460,154,1747
LINE461,154,155
LINE462,155,1160
LINE463,155,758
LINE464,156,157
LINE465,156,158
LINE466,157,1643
LINE467,157,1846
LINE468,158,160
LINE469,158,1794
LINE470,158,205
LINE471,159,160
LINE472,159,161
LINE473,160,162
LINE474,160,944
LINE475,160,1688
LINE476,160,1214
LINE477,161,488
LINE478,161,162
LINE479,161,163
LINE480,161,286
LINE481,162,163
LINE482,162,1931
LINE483,163,1811
LINE484,163,165
LINE485,164,165
LINE486,164,1557
LINE487,165,1504
LINE488,165,167
LINE489,165,490
LINE490,165,475
LINE491,165,734
LINE492,166,168
LINE493,166,1509
LINE494,166,167
LINE495,167,168
LINE496,167,1909
LINE497,167,1879
LINE498,168,1929
LINE499,168,1207
LINE500,168,786
LINE501,168,169
LINE502,168,265
LINE503,169,170
LINE504,169,171
LINE505,169,1876
LINE506,169,190
LINE507,170,1632
LINE508,170,171
LINE509,170,816
LINE510,170,498
LINE511,170,883
LINE512,170,1625
LINE513,171,894
LINE514,172,173
LINE515,172,767
LINE516,173,226
LINE517,173,1307
LINE518,173,338
LINE519,174,176
LINE520,174,586
LINE521,174,1595
LINE522,175,176
LINE523,175,177
LINE524,175,210
LINE525,175,250
LINE526,176,177
LINE527,176,1982
LINE528,177,179
LINE529,177,1877
LINE530,177,279
LINE531,178,1771
LINE532,178,807
LINE533,179,180
LINE534,179,534
LINE535,179,568
LINE536,179,607
LINE537,180,1516
LINE538,180,181
LINE539,180,342
LINE540,180,888
LINE541,181,665
LINE542,181,595
LINE543,181,1150
LINE544,181,183
LINE545,182,184
LINE546,182,183
LINE547,183,664
LINE548,183,184
LINE549,183,185
LINE550,183,638
LINE551,184,185
LINE552,184,1518
LINE553,185,1873
LINE554,185,1579
LINE555,186,1122
LINE556,186,1429
LINE557,186,267
LINE558,187,1731
LINE559,187,947
LINE560,187,188
LINE561,188,189
LINE562,188,1326
LINE563,189,246
LINE564,189,190
LINE565,189,191
LINE566,190,1016
LINE567,190,191
LINE568,191,192
LINE569,191,193
LINE570,191,1120
LINE571,192,193
LINE572,192,194
LINE573,192,731
LINE574,193,461
LINE575,193,782
LINE576,193,1214
LINE577,194,196
LINE578,195,196
LINE579,195,197
LINE580,195,1046
LINE581,196,197
LINE582,196,198
LINE583,196,1375
LINE584,197,199
LINE585,197,1972
LINE586,197,1437
LINE587,198,835
LINE588,198,200
LINE589,198,1037
LINE590,199,200
LINE591,199,632
LINE592,200,202
LINE593,200,1507
LINE594,201,202
LINE595,201,203
LINE596,202,967
LINE597,202,203
LINE598,202,734
LINE599,203,205
LINE600,203,423
LINE601,204,205
LINE602,204,206
LINE603,204,1365
LINE604,204,887
LINE605,205,571
LINE606,206,208
LINE607,206,207
LINE608,207,209
LINE609,207,1691
LINE610,208,1121
LINE611,208,1582
LINE612,208,209
LINE613,208,539
LINE614,209,1664
LINE615,209,210
LINE616,210,211
LINE617,211,213
LINE618,211,1445
LINE619,212,1856
LINE620,212,564
LINE621,212,558
LINE622,213,1107
LINE623,213,1027
LINE624,214,216
LINE625,214,1299
LINE626,214,939
LINE627,214,671
LINE628,215,216
LINE629,215,217
LINE630,215,907
LINE631,216,806
LINE632,216,1912
LINE633,216,217
LINE634,217,881
LINE635,217,218
LINE636,218,1760
LINE637,218,234
LINE638,218,911
LINE639,218,220
LINE640,219,868
LINE641,219,531
LINE642,219,220
LINE643,220,1067
LINE644,220,625
LINE645,220,379
LINE646,221,984
LINE647,221,1100
LINE648,221,223
LINE649,222,1058
LINE650,222,1507
LINE651,223,402
LINE652,223,899
LINE653,223,904
LINE654,224,1569
LINE655,224,1227
LINE656,225,1681
LINE657,225,227
LINE658,226,1209
LINE659,226,228
LINE660,227,1280
LINE661,227,229
LINE662,227,814
LINE663,228,778
LINE664,228,428
LINE665,228,229
LINE666,229,834
LINE667,229,230
LINE668,229,231
LINE669,230,262
LINE670,230,232
LINE671,230,248
LINE672,230,1337
LINE673,231,772
LINE674,231,743
LINE675,231,247
LINE676,231,1737
LINE677,231,1061
LINE678,232,233
LINE679,232,234
LINE680,232,579
LINE681,233,234
LINE682,233,1422
LINE683,233,1800
LINE684,233,1212
LINE685,234,236
LINE686,234,1882
LINE687,235,352
LINE688,235,236
LINE689,235,879
LINE690,236,1972
LINE691,236,237
LINE692,237,1241
LINE693,237,378
LINE694,238,1357
LINE695,238,240
LINE696,238,855
LINE697,238,1368
LINE698,238,1754
LINE699,238,349
LINE700,239,1258
LINE701,239,241
LINE702,239,346
LINE703,240,242
LINE704,240,1029
LINE705,241,242
LINE706,241,1495
LINE707,242,1883
LINE708,242,244
LINE709,242,401
LINE710,243,244
LINE711,243,1911
LINE712,244,1029
LINE713,244,245
LINE714,244,1627
LINE715,245,1005
LINE716,245,246
LINE717,245,247
LINE718,246,1828
LINE719,246,878
LINE720,247,248
LINE721,248,618
LINE722,248,249
LINE723,248,1596
LINE724,249,1056
LINE725,249,916
LINE726,249,250
LINE727,249,251
LINE728,250,1669
LINE729,250,251
LINE730,251,1760
LINE731,251,253
LINE732,252,610
LINE733,252,1357
LINE734,252,1297
LINE735,252,253
LINE736,253,1354
LINE737,253,254
LINE738,254,705
LINE739,254,880
LINE740,254,1435
LINE741,255,1813
LINE742,256,257
LINE743,256,258
LINE744,257,1190
LINE745,257,1783
LINE746,258,1935
LINE747,258,1241
LINE748,258,1135
LINE749,258,767
LINE750,259,261
LINE751,259,443
LINE752,260,1081
LINE753,260,1195
LINE754,260,261
LINE755,261,307
LINE756,261,262
LINE757,262,264
LINE758,262,1618
LINE759,262,788
LINE760,262,1791
LINE761,263,265
LINE762,263,1733
LINE763,264,1723
LINE764,264,807
LINE765,264,266
LINE766,264,955
LINE767,264,731
LINE768,265,267
LINE769,265,1654
LINE770,266,1656
LINE771,266,267
LINE772,266,1425
LINE773,267,1858
LINE774,267,1960
LINE775,268,435
LINE776,268,269
LINE777,268,885
LINE778,269,307
LINE779,269,842
LINE780,269,1379
LINE781,270,272
LINE782,270,338
LINE783,270,271
LINE784,271,273
LINE785,271,1995
LINE786,272,585
LINE787,272,273
LINE788,272,309
LINE789,273,1793
LINE790,273,275
LINE791,274,1136
LINE792,274,275
LINE793,274,276
LINE794,275,276
LINE795,275,1164
LINE796,276,277
LINE797,276,278
LINE798,276,1055
LINE799,277,1679
LINE800,277,279
LINE801,278,1354
LINE802,278,280
LINE803,278,926
LINE804,279,482
LINE805,279,978
LINE806,279,690
LINE807,279,665
LINE808,280,281
LINE809,280,282
LINE810,281,1218
LINE811,281,502
LINE812,281,1695
LINE813,282,283
LINE814,282,1134
LINE815,283,284
LINE816,283,285
LINE817,284,818
LINE818,284,1322
LINE819,284,285
LINE820,285,1031
LINE821,285,287
LINE822,286,900
LINE823,286,1897
LINE824,287,288
LINE825,287,1523
LINE826,287,311
LINE827,287,696
LINE828,287,1979
LINE829,288,1258
LINE830,288,331
LINE831,288,1742
LINE832,289,290
LINE833,289,702
LINE834,290,291
LINE835,291,1185
LINE836,291,818
LINE837,291,292
LINE838,292,982
LINE839,292,1455
LINE840,293,294
LINE841,293,295
LINE842,294,295
LINE843,294,1865
LINE844,294,1206
LINE845,294,1338
LINE846,295,296
LINE847,295,297
LINE848,296,1957
LINE849,296,297
LINE850,296,298
LINE851,296,1679
LINE852,297,298
LINE853,297,1646
LINE854,298,1317
LINE855,298,299
LINE856,298,300
LINE857,298,914
LINE858,299,301
LINE859,299,1439
LINE860,300,301
LINE861,300,302
LINE862,301,556
LINE863,301,303
LINE864,301,762
LINE865,302,1063
LINE866,302,492
LINE867,302,304
LINE868,302,1650
LINE869,303,304
LINE870,303,721
LINE871,303,1663
LINE872,304,306
LINE873,304,1886
LINE874,305,1723
LINE875,305,306
LINE876,305,829
LINE877,305,1493
LINE878,306,1997
LINE879,306,1880
LINE880,306,1788
LINE881,307,1007
LINE882,307,1524
LINE883,307,309
LINE884,308,1216
LINE885,308,1933
LINE886,308,383
LINE887,309,1441
LINE888,310,312
LINE889,310,365
LINE890,311,1761
LINE891,311,982
LINE892,312,452
LINE893,312,455
LINE894,312,1832
LINE895,312,1175
LINE896,313,1051
LINE897,313,728
LINE898,314,1132
LINE899,314,315
LINE900,314,316
LINE901,314,612
LINE902,315,1954
LINE903,315,366
LINE904,315,316
LINE905,315,317
LINE906,316,1991
LINE907,316,1834
LINE908,316,823
LINE909,316,504
LINE910,316,633
LINE911,316,317
LINE912,317,1506
LINE913,317,969
LINE914,317,395
LINE915,317,318
LINE916,318,533
LINE917,318,319
LINE918,319,320
LINE919,319,321
LINE920,319,588
LINE921,320,1472
LINE922,320,322
LINE923,320,1546
LINE924,320,1008
LINE925,320,468
LINE926,320,543
LINE927,321,322
LINE928,321,323
LINE929,321,956
LINE930,321,542
LINE931,322,323
LINE932,322,1221
LINE933,322,439
LINE934,322,921
LINE935,323,604
LINE936,323,324
LINE937,323,325
LINE938,324,325
LINE939,324,1643
LINE940,324,591
LINE941,324,1631
LINE942,325,1180
LINE943,325,327
LINE944,326,1588
LINE945,326,1061
LINE946,326,1319
LINE947,327,1261
LINE948,327,530
LINE949,327,1332
LINE950,327,921
LINE951,328,329
LINE952,328,330
LINE953,329,331
LINE954,329,382
LINE955,330,331
LINE956,330,863
LINE957,331,332
LINE958,331,333
LINE959,332,757
LINE960,332,334
LINE961,333,648
LINE962,333,334
LINE963,333,335
LINE964,334,1694
LINE965,334,335
LINE966,335,1857
LINE967,335,836
LINE968,335,1989
LINE969,335,337
LINE970,335,1599
LINE971,336,512
LINE972,336,1547
LINE973,336,338
LINE974,337,338
LINE975,337,339
LINE976,338,340
LINE977,339,1108
LINE978,339,470
LINE979,339,340
LINE980,339,958
LINE981,340,1648
LINE982,340,341
LINE983,341,1296
LINE984,341,343
LINE985,342,1569
LINE986,342,1742
LINE987,342,344
LINE988,343,1110
LINE989,343,662
LINE990,343,983
LINE991,343,1149
LINE992,344,432
LINE993,344,345
LINE994,345,1152
LINE995,345,1882
LINE996,345,347
LINE997,346,1351
LINE998,346,348
LINE999,347,348
LINE1000,347,349
LINE1001,348,349
LINE1002,348,1722
LINE1003,349,1373
LINE1004,350,1632
LINE1005,350,1796
LINE1006,350,905
LINE1007,350,351
LINE1008,351,352
LINE1009,351,452
LINE1010,352,353
LINE1011,352,1315
LINE1012,352,853
LINE1013,353,1544
LINE1014,353,354
LINE1015,354,355
LINE1016,354,1379
LINE1017,355,356
LINE1018,355,1685
LINE1019,356,358
LINE1020,356,1734
LINE1021,356,368
LINE1022,356,978
LINE1023,357,358
LINE1024,357,359
LINE1025,358,360
LINE1026,358,359
LINE1027,359,361
LINE1028,359,1137
LINE1029,359,569
LINE1030,359,537
LINE1031,360,362
LINE1032,360,887
LINE1033,361,772
LINE1034,361,362
LINE1035,361,363
LINE1036,361,977
LINE1037,362,902
LINE1038,362,363
LINE1039,362,565
LINE1040,363,681
LINE1041,363,1496
LINE1042,363,859
LINE1043,364,1987
LINE1044,364,843
LINE1045,364,1389
LINE1046,364,366
LINE1047,364,1404
LINE1048,365,641
LINE1049,365,367
LINE1050,365,977
LINE1051,366,426
LINE1052,366,368
LINE1053,367,368
LINE1054,367,369
LINE1055,368,931
LINE1056,368,447
LINE1057,369,1323
LINE1058,369,370
LINE1059,369,371
LINE1060,369,926
LINE1061,370,934
LINE1062,370,520
LINE1063,370,371
LINE1064,371,1602
LINE1065,371,373
LINE1066,371,1433
LINE1067,372,1336
LINE1068,372,658
LINE1069,372,373
LINE1070,373,1819
LINE1071,373,374
LINE1072,374,608
LINE1073,374,751
LINE1074,375,1229
LINE1075,375,1198
LINE1076,376,377
LINE1077,376,378
LINE1078,376,1390
LINE1079,377,609
LINE1080,377,998
LINE1081,377,393
LINE1082,377,1142
LINE1083,377,991
LINE1084,378,1190
LINE1085,378,678
LINE1086,379,380
LINE1087,379,381
LINE1088,380,381
LINE1089,380,1526
LINE1090,380,751
LINE1091,381,576
LINE1092,381,1317
LINE1093,381,1514
LINE1094,381,382
LINE1095,382,1925
LINE1096,382,1588
LINE1097,382,990
LINE1098,383,1251
LINE1099,383,1098
LINE1100,383,759
LINE1101,384,1248
LINE1102,384,1218
LINE1103,384,611
LINE1104,384,1464
LINE1105,385,387
LINE1106,385,916
LINE1107,386,387
LINE1108,387,1475
LINE1109,387,388
LINE1110,387,1978
LINE1111,388,849
LINE1112,388,390
LINE1113,389,390
LINE1114,389,391
LINE1115,390,676
LINE1116,390,391
LINE1117,390,1655
LINE1118,391,526
LINE1119,391,1147
LINE1120,392,393
LINE1121,392,394
LINE1122,392,1502
LINE1123,392,433
LINE1124,393,1563
LINE1125,393,1509
LINE1126,393,1467
LINE1127,394,395
LINE1128,394,396
LINE1129,395,397
LINE1130,396,843
LINE1131,396,397
LINE1132,397,1125
LINE1133,397,398
LINE1134,398,400
LINE1135,398,1686
LINE1136,398,631
LINE1137,399,577
LINE1138,399,716
LINE1139,399,400
LINE1140,399,401
LINE1141,400,401
LINE1142,400,891
LINE1143,402,1056
LINE1144,402,403
LINE1145,402,643
LINE1146,403,924
LINE1147,403,404
LINE1148,404,1862
LINE1149,404,406
LINE1150,404,1909
LINE1151,405,406
LINE1152,405,407
LINE1153,406,408
LINE1154,406,1941
LINE1155,406,735
LINE1156,407,408
LINE1157,407,409
LINE1158,407,453
LINE1159,408,1664
LINE1160,408,409
LINE1161,408,410
LINE1162,409,411
LINE1163,409,1652
LINE1164,410,503
LINE1165,410,412
LINE1166,410,1149
LINE1167,411,648
LINE1168,411,1718
LINE1169,411,412
LINE1170,411,413
LINE1171,412,1890
LINE1172,412,414
LINE1173,413,1195
LINE1174,413,1869
LINE1175,413,414
LINE1176,413,415
LINE1177,414,416
LINE1178,414,1545
LINE1179,414,985
LINE1180,414,1498
LINE1181,414,1564
LINE1182,415,416
LINE1183,415,417
LINE1184,415,997
LINE1185,415,1552
LINE1186,415,1875
LINE1187,416,418
LINE1188,416,1387
LINE1189,416,1730
LINE1190,416,782
LINE1191,416,511
LINE1192,417,1027
LINE1193,417,589
LINE1194,417,1520
LINE1195,417,1713
LINE1196,418,420
LINE1197,418,758
LINE1198,418,1590
LINE1199,419,1536
LINE1200,419,421
LINE1201,419,1112
LINE1202,420,1059
LINE1203,420,780
LINE1204,420,421
LINE1205,421,504
LINE1206,421,422
LINE1207,422,424
LINE1208,422,423
LINE1209,423,424
LINE1210,423,425
LINE1211,423,1235
LINE1212,424,1318
LINE1213,424,1800
LINE1214,425,1318
LINE1215,425,472
LINE1216,425,1022
LINE1217,426,1736
LINE1218,426,451
LINE1219,427,428
LINE1220,427,429
LINE1221,428,1123
LINE1222,428,1330
LINE1223,429,515
LINE1224,429,716
LINE1225,429,430
LINE1226,429,431
LINE1227,430,1090
LINE1228,430,431
LINE1229,430,1051
LINE1230,431,432
LINE1231,431,433
LINE1232,432,433
LINE1233,432,434
LINE1234,432,1055
LINE1235,433,435
LINE1236,434,756
LINE1237,434,436
LINE1238,434,943
LINE1239,435,437
LINE1240,435,1950
LINE1241,436,610
LINE1242,436,1868
LINE1243,436,437
LINE1244,437,926
LINE1245,437,438
LINE1246,438,1650
LINE1247,438,439
LINE1248,439,440
LINE1249,440,441
LINE1250,440,730
LINE1251,440,796
LINE1252,441,442
LINE1253,441,443
LINE1254,442,443
LINE1255,442,444
LINE1256,442,910
LINE1257,443,1127
LINE1258,443,445
LINE1259,444,1696
LINE1260,444,1367
LINE1261,445,1805
LINE1262,445,446
LINE1263,446,448
LINE1264,446,447
LINE1265,447,449
LINE1266,447,1283
LINE1267,447,1865
LINE1268,448,1424
LINE1269,448,450
LINE1270,449,855
LINE1271,449,450
LINE1272,449,1300
LINE1273,450,1647
LINE1274,450,1491
LINE1275,450,1661
LINE1276,451,704
LINE1277,451,1452
LINE1278,451,676
LINE1279,452,454
LINE1280,452,1684
LINE1281,452,1084
LINE1282,453,1986
LINE1283,453,1273
LINE1284,454,455
LINE1285,454,456
LINE1286,454,1613
LINE1287,454,1615
LINE1288,454,1462
LINE1289,455,456
LINE1290,455,457
LINE1291,456,457
LINE1292,456,458
LINE1293,457,929
LINE1294,457,513
LINE1295,457,459
LINE1296,458,1611
LINE1297,458,1046
LINE1298,458,1725
LINE1299,459,460
LINE1300,459,1772
LINE1301,460,748
LINE1302,460,462
LINE1303,460,921
LINE1304,461,1381
LINE1305,461,1075
LINE1306,462,464
LINE1307,462,719
LINE1308,463,704
LINE1309,463,1456
LINE1310,464,465
LINE1311,464,1435
LINE1312,465,1823
LINE1313,465,1436
LINE1314,466,1857
LINE1315,467,1354
LINE1316,467,1021
LINE1317,468,804
LINE1318,468,1906
LINE1319,468,470
LINE1320,469,1297
LINE1321,469,471
LINE1322,470,1922
LINE1323,470,1988
LINE1324,470,792
LINE1325,470,471
LINE1326,470,1912
LINE1327,471,472
LINE1328,471,473
LINE1329,472,473
LINE1330,472,474
LINE1331,472,1819
LINE1332,473,1319
LINE1333,473,475
LINE1334,474,1577
LINE1335,474,475
LINE1336,474,476
LINE1337,475,758
LINE1338,475,477
LINE1339,476,614
LINE1340,476,477
LINE1341,476,478
LINE1342,477,1448
LINE1343,478,1352
LINE1344,478,765
LINE1345,478,479
LINE1346,479,480
LINE1347,479,656
LINE1348,479,600
LINE1349,480,482
LINE1350,480,1763
LINE1351,481,482
LINE1352,481,1597
LINE1353,482,484
LINE1354,483,485
LINE1355,483,553
LINE1356,484,1320
LINE1357,484,485
LINE1358,484,486
LINE1359,485,486
LINE1360,485,487
LINE1361,486,487
LINE1362,486,1944
LINE1363,486,953
LINE1364,486,638
LINE1365,487,871
LINE1366,487,1006
LINE1367,488,490
LINE1368,489,490
LINE1369,489,491
LINE1370,490,596
LINE1371,491,492
LINE1372,491,1065
LINE1373,492,1260
LINE1374,492,493
LINE1375,492,1175
LINE1376,492,889
LINE1377,493,1219
LINE1378,493,494
LINE1379,494,496
LINE1380,494,495
LINE1381,495,497
LINE1382,495,1329
LINE1383,496,497
LINE1384,496,897
LINE1385,497,498
LINE1386,497,847
LINE1387,497,1783
LINE1388,498,499
LINE1389,499,501
LINE1390,499,1336
LINE1391,499,917
LINE1392,500,975
LINE1393,500,501
LINE1394,500,1775
LINE1395,501,1033
LINE1396,501,502
LINE1397,501,503
LINE1398,502,1986
LINE1399,502,504
LINE1400,503,1092
LINE1401,503,1064
LINE1402,503,504
LINE1403,504,1380
LINE1404,504,505
LINE1405,505,1392
LINE1406,505,506
LINE1407,505,1167
LINE1408,505,791
LINE1409,506,507
LINE1410,506,1092
LINE1411,507,961
LINE1412,507,1072
LINE1413,507,914
LINE1414,507,1951
LINE1415,508,509
LINE1416,508,1053
LINE1417,509,708
LINE1418,509,1457
LINE1419,509,730
LINE1420,510,512
LINE1421,510,511
LINE1422,512,513
LINE1423,512,835
LINE1424,512,1168
LINE1425,513,515
LINE1426,513,659
LINE1427,514,1409
LINE1428,514,1570
LINE1429,514,515
LINE1430,514,884
LINE1431,515,1125
LINE1432,516,661
LINE1433,516,903
LINE1434,516,841
LINE1435,517,1250
LINE1436,517,518
LINE1437,517,1951
LINE1438,518,520
LINE1439,518,519
LINE1440,519,1658
LINE1441,519,1307
LINE1442,520,1346
LINE1443,520,941
LINE1444,520,827
LINE1445,521,523
LINE1446,522,523
LINE1447,522,524
LINE1448,523,1928
LINE1449,523,524
LINE1450,523,525
LINE1451,523,1785
LINE1452,524,1174
LINE1453,524,525
LINE1454,524,526
LINE1455,525,526
LINE1456,526,528
LINE1457,526,527
LINE1458,527,626
LINE1459,527,1315
LINE1460,527,551
LINE1461,527,1676
LINE1462,528,529
LINE1463,528,530
LINE1464,528,940
LINE1465,529,1520
LINE1466,529,1999
LINE1467,529,1534
LINE1468,530,837
LINE1469,530,1798
LINE1470,530,531
LINE1471,530,797
LINE1472,531,1124
LINE1473,532,546
LINE1474,532,533
LINE1475,533,1053
LINE1476,533,1287
LINE1477,534,930
LINE1478,534,1626
LINE1479,535,536
LINE1480,535,537
LINE1481,536,537
LINE1482,536,538
LINE1483,537,850
LINE1484,538,539
LINE1485,539,630
LINE1486,539,540
LINE1487,539,1471
LINE1488,540,541
LINE1489,540,542
LINE1490,541,1295
LINE1491,541,858
LINE1492,542,551
LINE1493,542,543
LINE1494,543,544
LINE1495,543,616
LINE1496,543,1097
LINE1497,543,597
LINE1498,544,545
LINE1499,544,546
LINE1500,545,1619
LINE1501,545,547
LINE1502,546,985
LINE1503,546,1182
LINE1504,547,1711
LINE1505,548,798
LINE1506,548,965
LINE1507,549,1752
LINE1508,549,1940
LINE1509,549,1822
LINE1510,550,640
LINE1511,550,1442
LINE1512,550,1763
LINE1513,550,1062
LINE1514,550,551
LINE1515,550,1839
LINE1516,550,1975
LINE1517,551,552
LINE1518,552,930
LINE1519,552,915
LINE1520,553,616
LINE1521,553,1238
LINE1522,553,1847
LINE1523,554,684
LINE1524,554,555
LINE1525,554,556
LINE1526,555,556
LINE1527,555,557
LINE1528,556,557
LINE1529,556,1550
LINE1530,556,1818
LINE1531,556,1706
LINE1532,557,558
LINE1533,557,559
LINE1534,558,560
LINE1535,558,1115
LINE1536,559,1241
LINE1537,559,1682
LINE1538,560,808
LINE1539,560,561
LINE1540,560,1978
LINE1541,560,1980
LINE1542,561,563
LINE1543,561,1884
LINE1544,562,635
LINE1545,562,563
LINE1546,562,1684
LINE1547,563,1034
LINE1548,563,885
LINE1549,563,1450
LINE1550,563,1962
LINE1551,563,565
LINE1552,564,997
LINE1553,564,1966
LINE1554,564,799
LINE1555,565,1901
LINE1556,565,1461
LINE1557,565,567
LINE1558,565,1562
LINE1559,565,891
LINE1560,566,568
LINE1561,566,1325
LINE1562,567,1891
LINE1563,567,1166
LINE1564,567,569
LINE1565,567,570
LINE1566,568,1578
LINE1567,568,880
LINE1568,568,1139
LINE1569,568,1268
LINE1570,568,570
LINE1571,569,570
LINE1572,570,1760
LINE1573,571,1894
LINE1574,571,1387
LINE1575,571,572
LINE1576,572,1876
LINE1577,572,574
LINE1578,573,574
LINE1579,573,575
LINE1580,574,800
LINE1581,574,935
LINE1582,574,1757
LINE1583,575,576
LINE1584,575,577
LINE1585,575,950
LINE1586,576,577
LINE1587,577,1650
LINE1588,577,1594
LINE1589,578,580
LINE1590,578,1741
LINE1591,579,581
LINE1592,580,1809
LINE1593,580,680
LINE1594,581,1769
LINE1595,581,582
LINE1596,582,610
LINE1597,582,1492
LINE1598,582,1451
LINE1599,582,1325
LINE1600,582,1262
LINE1601,583,1469
LINE1602,583,1919
LINE1603,584,585
LINE1604,584,586
LINE1605,584,991
LINE1606,585,586
LINE1607,585,587
LINE1608,585,1202
LINE1609,586,1669
LINE1610,586,1842
LINE1611,587,1378
LINE1612,587,588
LINE1613,587,1191
LINE1614,588,590
LINE1615,588,1332
LINE1616,589,1032
LINE1617,589,590
LINE1618,589,1617
LINE1619,590,644
LINE1620,590,935
LINE1621,590,1258
LINE1622,590,1262
LINE1623,591,709
LINE1624,591,1744
LINE1625,592,593
LINE1626,592,594
LINE1627,592,1092
LINE1628,593,1400
LINE1629,593,1707
LINE1630,593,1495
LINE1631,594,924
LINE1632,594,596
LINE1633,595,615
LINE1634,596,1794
LINE1635,596,1294
LINE1636,597,599
LINE1637,598,600
LINE1638,598,599
LINE1639,599,601
LINE1640,599,1785
LINE1641,601,793
LINE1642,601,603
LINE1643,602,1701
LINE1644,602,906
LINE1645,603,964
LINE1646,603,604
LINE1647,603,605
LINE1648,603,1580
LINE1649,604,1578
LINE1650,605,624
LINE1651,605,606
LINE1652,605,607
LINE1653,606,1272
LINE1654,606,1975
LINE1655,606,607
LINE1656,607,640
LINE1657,607,1940
LINE1658,608,609
LINE1659,608,610
LINE1660,608,1156
LINE1661,608,718
LINE1662,608,1658
LINE1663,609,611
LINE1664,610,810
LINE1665,610,632
LINE1666,610,891
LINE1667,611,612
LINE1668,611,820
LINE1669,611,853
LINE1670,611,773
LINE1671,612,1427
LINE1672,613,1987
LINE1673,613,615
LINE1674,614,1054
LINE1675,615,617
LINE1676,615,1276
LINE1677,616,1951
LINE1678,617,744
LINE1679,617,618
LINE1680,617,619
LINE1681,618,619
LINE1682,618,620
LINE1683,618,1587
LINE1684,619,621
LINE1685,619,798
LINE1686,619,1919
LINE1687,620,621
LINE1688,620,733
LINE1689,621,1413
LINE1690,621,622
LINE1691,622,1078
LINE1692,622,699
LINE1693,623,624
LINE1694,623,625
LINE1695,623,1007
LINE1696,624,1829
LINE1697,624,1043
LINE1698,625,626
LINE1699,625,627
LINE1700,626,627
LINE1701,626,1679
LINE1702,627,770
LINE1703,627,628
LINE1704,627,760
LINE1705,627,700
LINE1706,628,1379
LINE1707,629,1527
LINE1708,629,631
LINE1709,630,632
LINE1710,631,632
LINE1711,631,673
LINE1712,632,633
LINE1713,633,1899
LINE1714,633,634
LINE1715,633,1915
LINE1716,634,636
LINE1717,634,1260
LINE1718,635,1417
LINE1719,636,1895
LINE1720,636,1242
LINE1721,637,1600
LINE1722,637,1877
LINE1723,637,639
LINE1724,638,867
LINE1725,638,1131
LINE1726,639,640
LINE1727,639,641
LINE1728,639,896
LINE1729,640,813
LINE1730,640,1842
LINE1731,640,1846
LINE1732,640,1210
LINE1733,641,1634
LINE1734,642,1301
LINE1735,642,1438
LINE1736,642,875
LINE1737,642,1054
LINE1738,643,1680
LINE1739,643,644
LINE1740,643,645
LINE1741,644,645
LINE1742,645,866
LINE1743,645,1989
LINE1744,645,646
LINE1745,645,1134
LINE1746,646,648
LINE1747,646,647
LINE1748,647,648
LINE1749,647,1323
LINE1750,649,650
LINE1751,649,651
LINE1752,650,651
LINE1753,650,652
LINE1754,651,652
LINE1755,651,653
LINE1756,651,1530
LINE1757,652,654
LINE1758,653,1708
LINE1759,654,1475
LINE1760,654,1222
LINE1761,655,1735
LINE1762,655,1322
LINE1763,655,1835
LINE1764,655,851
LINE1765,656,657
LINE1766,656,658
LINE1767,657,1376
LINE1768,657,710
LINE1769,657,1191
LINE1770,657,1419
LINE1771,657,1871
LINE1772,658,1184
LINE1773,658,659
LINE1774,658,1624
LINE1775,659,1474
LINE1776,659,1596
LINE1777,660,1826
LINE1778,660,1578
LINE1779,660,791
LINE1780,661,1036
LINE1781,661,1712
LINE1782,661,1394
LINE1783,661,662
LINE1784,662,1825
LINE1785,662,1382
LINE1786,662,664
LINE1787,663,1347
LINE1788,663,664
LINE1789,663,1435
LINE1790,664,1453
LINE1791,664,847
LINE1792,664,665
LINE1793,665,1529
LINE1794,665,951
LINE1795,665,1401
LINE1796,665,1054
LINE1797,666,1427
LINE1798,666,668
LINE1799,667,1561
LINE1800,667,668
LINE1801,667,1479
LINE1802,668,1124
LINE1803,668,1462
LINE1804,668,669
LINE1805,669,670
LINE1806,669,1935
LINE1807,670,1636
LINE1808,670,671
LINE1809,671,672
LINE1810,671,776
LINE1811,672,673
LINE1812,672,674
LINE1813,672,1442
LINE1814,673,842
LINE1815,673,1749
LINE1816,673,988
LINE1817,674,996
LINE1818,674,1227
LINE1819,674,1845
LINE1820,674,1590
LINE1821,675,676
LINE1822,676,678
LINE1823,677,1780
LINE1824,677,1196
LINE1825,678,1025
LINE1826,678,1130
LINE1827,678,1357
LINE1828,678,721
LINE1829,679,680
LINE1830,679,681
LINE1831,679,1363
LINE1832,680,1058
LINE1833,680,682
LINE1834,680,1040
LINE1835,680,1738
LINE1836,681,1025
LINE1837,681,762
LINE1838,682,1152
LINE1839,682,706
LINE1840,682,683
LINE1841,683,684
LINE1842,683,727
LINE1843,684,685
LINE1844,684,805
LINE1845,685,686
LINE1846,685,687
LINE1847,686,688
LINE1848,686,1128
LINE1849,686,1781
LINE1850,687,688
LINE1851,687,689
LINE1852,687,1068
LINE1853,688,689
LINE1854,688,1447
LINE1855,689,690
LINE1856,689,691
LINE1857,689,1661
LINE1858,690,1446
LINE1859,691,1456
LINE1860,691,692
LINE1861,691,693
LINE1862,691,822
LINE1863,692,693
LINE1864,692,694
LINE1865,693,804
LINE1866,693,713
LINE1867,693,1065
LINE1868,693,695
LINE1869,694,1948
LINE1870,694,1317
LINE1871,695,819
LINE1872,695,1069
LINE1873,696,1362
LINE1874,696,1830
LINE1875,697,1425
LINE1876,697,1298
LINE1877,697,698
LINE1878,697,699
LINE1879,698,993
LINE1880,698,699
LINE1881,698,903
LINE1882,699,1925
LINE1883,699,840
LINE1884,699,1939
LINE1885,699,703
LINE1886,700,702
LINE1887,700,1791
LINE1888,701,702
LINE1889,701,703
LINE1890,702,1451
LINE1891,702,703
LINE1892,703,704
LINE1893,704,705
LINE1894,704,706
LINE1895,705,1815
LINE1896,706,707
LINE1897,707,771
LINE1898,707,709
LINE1899,708,710
LINE1900,709,1293
LINE1901,710,1768
LINE1902,710,1445
LINE1903,711,712
LINE1904,711,713
LINE1905,712,1209
LINE1906,712,714
LINE1907,713,715
LINE1908,714,1116
LINE1909,714,1689
LINE1910,715,1580
LINE1911,715,1465
LINE1912,717,1216
LINE1913,717,718
LINE1914,717,719
LINE1915,718,720
LINE1916,719,720
LINE1917,719,721
LINE1918,720,722
LINE1919,720,815
LINE1920,721,1386
LINE1921,721,1553
LINE1922,721,722
LINE1923,722,723
LINE1924,722,724
LINE1925,722,1244
LINE1926,723,1257
LINE1927,723,724
LINE1928,723,725
LINE1929,723,1078
LINE1930,723,1400
LINE1931,723,922
LINE1932,724,726
LINE1933,725,783
LINE1934,726,1052
LINE1935,726,727
LINE1936,727,728
LINE1937,727,729
LINE1938,728,730
LINE1939,728,1996
LINE1940,729,1994
LINE1941,729,731
LINE1942,729,1142
LINE1943,730,1256
LINE1944,730,1586
LINE1945,732,1203
LINE1946,732,733
LINE1947,732,734
LINE1948,733,987
LINE1949,733,735
LINE1950,734,736
LINE1951,735,736
LINE1952,735,737
LINE1953,735,1301
LINE1954,736,1105
LINE1955,736,737
LINE1956,736,738
LINE1957,737,739
LINE1958,737,971
LINE1959,738,1988
LINE1960,738,1202
LINE1961,738,1146
LINE1962,739,740
LINE1963,739,1852
LINE1964,739,1908
LINE1965,740,1622
LINE1966,740,742
LINE1967,740,1605
LINE1968,741,742
LINE1969,742,743
LINE1970,742,1903
LINE1971,742,1499
LINE1972,743,745
LINE1973,744,994
LINE1974,745,1732
LINE1975,745,1161
LINE1976,745,1149
LINE1977,746,1144
LINE1978,746,748
LINE1979,746,1797
LINE1980,747,1898
LINE1981,747,772
LINE1982,747,1493
LINE1983,748,749
LINE1984,748,750
LINE1985,749,1416
LINE1986,749,1485
LINE1987,749,751
LINE1988,750,752
LINE1989,750,1770
LINE1990,750,751
LINE1991,752,753
LINE1992,752,754
LINE1993,753,1849
LINE1994,753,755
LINE1995,754,1330
LINE1996,754,755
LINE1997,755,961
LINE1998,755,757
LINE1999,755,927
LINE2000,756,757
LINE2001,756,758
LINE2002,757,1761
LINE2003,757,1838
LINE2004,757,1327
LINE2005,758,759
LINE2006,759,1666
LINE2007,759,933
LINE2008,759,1618
LINE2009,759,760
LINE2010,760,1670
LINE2011,760,762
LINE2012,761,762
LINE2013,761,763
LINE2014,762,1743
LINE2015,762,815
LINE2016,762,764
LINE2017,763,1251
LINE2018,763,765
LINE2019,764,1160
LINE2020,764,795
LINE2021,764,1486
LINE2022,765,767
LINE2023,766,768
LINE2024,766,767
LINE2025,767,768
LINE2026,767,1402
LINE2027,768,770
LINE2028,768,918
LINE2029,769,1001
LINE2030,769,771
LINE2031,770,1475
LINE2032,771,772
LINE2033,771,1927
LINE2034,771,1484
LINE2035,772,773
LINE2036,772,1303
LINE2037,773,775
LINE2038,774,776
LINE2039,774,1322
LINE2040,774,1531
LINE2041,775,776
LINE2042,775,777
LINE2043,776,778
LINE2044,777,1321
LINE2045,777,778
LINE2046,777,779
LINE2047,778,1315
LINE2048,778,1651
LINE2049,779,1473
LINE2050,779,780
LINE2051,779,781
LINE2052,779,788
LINE2053,779,1943
LINE2054,779,1595
LINE2055,780,782
LINE2056,781,782
LINE2057,781,783
LINE2058,782,1100
LINE2059,783,1186
LINE2060,783,784
LINE2061,783,785
LINE2062,784,785
LINE2063,784,786
LINE2064,785,1729
LINE2065,785,786
LINE2066,786,1934
LINE2067,786,1820
LINE2068,787,789
LINE2069,787,1213
LINE2070,788,1715
LINE2071,789,1740
LINE2072,789,790
LINE2073,790,1409
LINE2074,790,845
LINE2075,790,791
LINE2076,792,794
LINE2077,793,794
LINE2078,793,795
LINE2079,794,1875
LINE2080,794,795
LINE2081,795,796
LINE2082,795,797
LINE2083,796,1162
LINE2084,797,825
LINE2085,798,800
LINE2086,798,799
LINE2087,799,801
LINE2088,800,802
LINE2089,800,1383
LINE2090,800,1363
LINE2091,801,802
LINE2092,801,1261
LINE2093,802,804
LINE2094,802,1709
LINE2095,802,1558
LINE2096,803,805
LINE2097,803,1159
LINE2098,804,882
LINE2099,804,1817
LINE2100,805,1546
LINE2101,806,807
LINE2102,807,808
LINE2103,808,810
LINE2104,809,810
LINE2105,809,811
LINE2106,809,1715
LINE2107,810,1154
LINE2108,810,1487
LINE2109,811,812
LINE2110,811,813
LINE2111,812,816
LINE2112,812,814
LINE2113,813,814
LINE2114,814,816
LINE2115,814,815
LINE2116,815,816
LINE2117,816,817
LINE2118,816,1563
LINE2119,817,818
LINE2120,817,819
LINE2121,817,1271
LINE2122,818,1201
LINE2123,819,820
LINE2124,819,821
LINE2125,820,1787
LINE2126,821,822
LINE2127,821,823
LINE2128,822,823
LINE2129,823,1529
LINE2130,824,825
LINE2131,824,1677
LINE2132,824,1481
LINE2133,825,826
LINE2134,825,1722
LINE2135,826,827
LINE2136,826,828
LINE2137,826,1808
LINE2138,827,1692
LINE2139,827,829
LINE2140,828,1024
LINE2141,828,1714
LINE2142,828,830
LINE2143,829,1101
LINE2144,829,831
LINE2145,830,1862
LINE2146,830,1542
LINE2147,830,883
LINE2148,831,833
LINE2149,831,1250
LINE2150,831,1362
LINE2151,831,1694
LINE2152,832,834
LINE2153,832,963
LINE2154,832,1031
LINE2155,832,1858
LINE2156,832,1269
LINE2157,833,834
LINE2158,833,835
LINE2159,833,868
LINE2160,834,835
LINE2161,835,1897
LINE2162,835,1213
LINE2163,836,842
LINE2164,837,839
LINE2165,838,840
LINE2166,838,839
LINE2167,839,1414
LINE2168,839,1141
LINE2169,840,842
LINE2170,841,843
LINE2171,841,1454
LINE2172,842,843
LINE2173,842,844
LINE2174,843,844
LINE2175,843,845
LINE2176,843,1334
LINE2177,844,1831
LINE2178,844,845
LINE2179,844,1878
LINE2180,844,919
LINE2181,844,858
LINE2182,845,1341
LINE2183,845,847
LINE2184,846,848
LINE2185,846,847
LINE2186,847,849
LINE2187,847,860
LINE2188,848,1735
LINE2189,848,1391
LINE2190,848,1395
LINE2191,848,1404
LINE2192,849,1317
LINE2193,849,850
LINE2194,850,1386
LINE2195,850,851
LINE2196,851,852
LINE2197,852,1209
LINE2198,852,1970
LINE2199,852,853
LINE2200,852,854
LINE2201,853,855
LINE2202,854,856
LINE2203,854,1774
LINE2204,854,1694
LINE2205,854,855
LINE2206,855,857
LINE2207,856,1104
LINE2208,856,857
LINE2209,856,969
LINE2210,857,1457
LINE2211,857,858
LINE2212,858,1059
LINE2213,858,1167
LINE2214,858,1277
LINE2215,858,1208
LINE2216,858,860
LINE2217,859,860
LINE2218,859,861
LINE2219,860,1291
LINE2220,861,1660
LINE2221,861,1637
LINE2222,862,864
LINE2223,862,1900
LINE2224,863,864
LINE2225,863,865
LINE2226,864,865
LINE2227,864,866
LINE2228,864,1500
LINE2229,865,1919
LINE2230,865,1795
LINE2231,865,1115
LINE2232,866,867
LINE2233,867,1354
LINE2234,868,1242
LINE2235,868,1886
LINE2236,869,1344
LINE2237,869,871
LINE2238,870,1083
LINE2239,870,1295
LINE2240,871,1585
LINE2241,871,1689
LINE2242,871,1754
LINE2243,871,1757
LINE2244,872,874
LINE2245,872,1027
LINE2246,873,874
LINE2247,873,875
LINE2248,874,875
LINE2249,874,1556
LINE2250,874,1337
LINE2251,874,1086
LINE2252,875,877
LINE2253,876,877
LINE2254,876,878
LINE2255,877,1544
LINE2256,877,1070
LINE2257,877,879
LINE2258,878,880
LINE2259,879,881
LINE2260,880,881
LINE2261,880,1363
LINE2262,881,883
LINE2263,882,883
LINE2264,882,1735
LINE2265,882,1082
LINE2266,883,884
LINE2267,884,1287
LINE2268,884,885
LINE2269,885,1890
LINE2270,886,888
LINE2271,886,887
LINE2272,888,1749
LINE2273,888,889
LINE2274,889,891
LINE2275,889,1566
LINE2276,890,891
LINE2277,891,892
LINE2278,892,894
LINE2279,892,1967
LINE2280,893,1848
LINE2281,893,1195
LINE2282,893,894
LINE2283,894,896
LINE2284,894,1912
LINE2285,895,1670
LINE2286,895,1022
LINE2287,896,918
LINE2288,897,898
LINE2289,897,1321
LINE2290,897,1481
LINE2291,897,1175
LINE2292,898,899
LINE2293,898,1668
LINE2294,898,1079
LINE2295,898,900
LINE2296,899,900
LINE2297,900,902
LINE2298,900,1189
LINE2299,901,1027
LINE2300,901,902
LINE2301,901,903
LINE2302,902,903
LINE2303,902,904
LINE2304,902,1260
LINE2305,903,905
LINE2306,903,1492
LINE2307,904,905
LINE2308,905,906
LINE2309,906,907
LINE2310,906,908
LINE2311,906,1339
LINE2312,907,1676
LINE2313,907,909
LINE2314,908,909
LINE2315,908,910
LINE2316,909,1551
LINE2317,909,1494
LINE2318,909,911
LINE2319,910,911
LINE2320,911,1472
LINE2321,911,1767
LINE2322,911,1160
LINE2323,912,914
LINE2324,912,965
LINE2325,913,1787
LINE2326,914,915
LINE2327,915,917
LINE2328,915,1375
LINE2329,916,917
LINE2330,917,1351
LINE2331,918,1932
LINE2332,918,1427
LINE2333,919,921
LINE2334,919,1405
LINE2335,920,921
LINE2336,920,1401
LINE2337,921,1704
LINE2338,921,923
LINE2339,922,923
LINE2340,923,1987
LINE2341,923,1882
LINE2342,923,925
LINE2343,924,1736
LINE2344,924,1870
LINE2345,924,925
LINE2346,925,926
LINE2347,925,927
LINE2348,927,928
LINE2349,927,993
LINE2350,928,929
LINE2351,928,930
LINE2352,928,1083
LINE2353,929,1218
LINE2354,929,931
LINE2355,930,931
LINE2356,930,932
LINE2357,931,932
LINE2358,932,1456
LINE2359,932,933
LINE2360,933,935
LINE2361,933,1106
LINE2362,933,1398
LINE2363,934,1837
LINE2364,934,1733
LINE2365,935,936
LINE2366,935,937
LINE2367,936,937
LINE2368,936,938
LINE2369,936,1892
LINE2370,937,938
LINE2371,937,939
LINE2372,937,1958
LINE2373,938,1323
LINE2374,938,939
LINE2375,938,940
LINE2376,938,987
LINE2377,938,1051
LINE2378,939,1042
LINE2379,940,956
LINE2380,941,942
LINE2381,941,943
LINE2382,942,1840
LINE2383,942,964
LINE2384,942,943
LINE2385,943,1028
LINE2386,944,1280
LINE2387,945,947
LINE2388,945,1861
LINE2389,945,1814
LINE2390,946,947
LINE2391,946,948
LINE2392,946,1669
LINE2393,947,948
LINE2394,947,1434
LINE2395,948,1193
LINE2396,948,950
LINE2397,949,1420
LINE2398,950,1411
LINE2399,950,1606
LINE2400,950,1818
LINE2401,951,952
LINE2402,951,953
LINE2403,952,953
LINE2404,952,954
LINE2405,953,1866
LINE2406,953,1717
LINE2407,954,955
LINE2408,954,956
LINE2409,955,1155
LINE2410,955,1308
LINE2411,955,956
LINE2412,956,1826
LINE2413,956,1043
LINE2414,956,958
LINE2415,957,1985
LINE2416,957,1514
LINE2417,957,958
LINE2418,957,959
LINE2419,958,960
LINE2420,959,960
LINE2421,959,961
LINE2422,959,1584
LINE2423,960,1449
LINE2424,960,1524
LINE2425,962,1865
LINE2426,962,1603
LINE2427,962,963
LINE2428,963,965
LINE2429,963,1545
LINE2430,964,1772
LINE2431,965,966
LINE2432,965,1718
LINE2433,966,968
LINE2434,966,967
LINE2435,967,968
LINE2436,967,1648
LINE2437,968,969
LINE2438,968,970
LINE2439,969,971
LINE2440,970,972
LINE2441,970,1842
LINE2442,970,1719
LINE2443,970,1496
LINE2444,971,972
LINE2445,972,973
LINE2446,972,1872
LINE2447,972,1912
LINE2448,972,1465
LINE2449,973,975
LINE2450,974,976
LINE2451,974,1541
LINE2452,974,975
LINE2453,975,976
LINE2454,976,977
LINE2455,976,978
LINE2456,976,1143
LINE2457,978,980
LINE2458,979,1134
LINE2459,979,980
LINE2460,979,981
LINE2461,979,1470
LINE2462,980,981
LINE2463,980,982
LINE2464,981,1550
LINE2465,981,1303
LINE2466,982,1537
LINE2467,982,1574
LINE2468,982,984
LINE2469,983,984
LINE2470,983,1333
LINE2471,984,985
LINE2472,985,986
LINE2473,985,987
LINE2474,986,987
LINE2475,986,988
LINE2476,986,1173
LINE2477,987,1186
LINE2478,987,1331
LINE2479,988,990
LINE2480,989,1026
LINE2481,989,990
LINE2482,989,991
LINE2483,990,992
LINE2484,990,1978
LINE2485,992,1938
LINE2486,992,1422
LINE2487,993,995
LINE2488,993,1581
LINE2489,993,1427
LINE2490,994,1793
LINE2491,994,996
LINE2492,995,1733
LINE2493,995,1375
LINE2494,995,1349
LINE2495,996,998
LINE2496,996,1894
LINE2497,996,1073
LINE2498,997,1267
LINE2499,997,1335
LINE2500,997,998
LINE2501,998,1451
LINE2502,998,1358
LINE2503,999,1728
LINE2504,999,1275
LINE2505,999,1430
LINE2506,1000,1002
LINE2507,1000,1332
LINE2508,1000,1463
LINE2509,1001,1202
LINE2510,1001,1003
LINE2511,1002,1003
LINE2512,1002,1038
LINE2513,1003,1506
LINE2514,1003,1356
LINE2515,1003,1005
LINE2516,1003,1487
LINE2517,1003,1264
LINE2518,1004,1590
LINE2519,1004,1006
LINE2520,1005,1007
LINE2521,1006,1007
LINE2522,1006,1008
LINE2523,1006,1778
LINE2524,1007,1789
LINE2525,1008,1786
LINE2526,1009,1010
LINE2527,1009,1011
LINE2528,1010,1592
LINE2529,1010,1011
LINE2530,1011,1585
LINE2531,1011,1012
LINE2532,1012,1964
LINE2533,1012,1071
LINE2534,1012,1013
LINE2535,1012,1529
LINE2536,1013,1253
LINE2537,1013,1014
LINE2538,1014,1232
LINE2539,1014,1817
LINE2540,1015,1016
LINE2541,1015,1017
LINE2542,1016,1844
LINE2543,1017,1858
LINE2544,1017,1539
LINE2545,1017,1538
LINE2546,1017,1018
LINE2547,1018,1185
LINE2548,1018,1514
LINE2549,1019,1020
LINE2550,1019,1021
LINE2551,1020,1538
LINE2552,1020,1022
LINE2553,1021,1290
LINE2554,1021,1022
LINE2555,1021,1023
LINE2556,1022,1564
LINE2557,1023,1024
LINE2558,1023,1025
LINE2559,1024,1142
LINE2560,1025,1026
LINE2561,1025,1635
LINE2562,1026,1028
LINE2563,1027,1211
LINE2564,1028,1029
LINE2565,1028,1030
LINE2566,1029,1030
LINE2567,1029,1031
LINE2568,1029,1395
LINE2569,1030,1032
LINE2570,1030,1744
LINE2571,1030,1031
LINE2572,1031,1347
LINE2573,1031,1032
LINE2574,1031,1789
LINE2575,1031,1650
LINE2576,1031,1247
LINE2577,1032,1033
LINE2578,1032,1966
LINE2579,1032,1525
LINE2580,1033,1833
LINE2581,1033,1035
LINE2582,1034,1632
LINE2583,1034,1983
LINE2584,1035,1036
LINE2585,1035,1493
LINE2586,1035,1342
LINE2587,1036,1957
LINE2588,1036,1038
LINE2589,1036,1523
LINE2590,1037,1203
LINE2591,1037,1038
LINE2592,1038,1986
LINE2593,1038,1039
LINE2594,1038,1040
LINE2595,1039,1232
LINE2596,1039,1424
LINE2597,1039,1470
LINE2598,1040,1806
LINE2599,1040,1455
LINE2600,1041,1587
LINE2601,1041,1043
LINE2602,1042,1107
LINE2603,1042,1044
LINE2604,1043,1377
LINE2605,1043,1873
LINE2606,1044,1668
LINE2607,1044,1046
LINE2608,1045,1519
LINE2609,1045,1725
LINE2610,1045,1047
LINE2611,1046,1048
LINE2612,1047,1048
LINE2613,1047,1747
LINE2614,1048,1049
LINE2615,1048,1050
LINE2616,1049,1059
LINE2617,1049,1051
LINE2618,1050,1545
LINE2619,1050,1051
LINE2620,1051,1910
LINE2621,1052,1053
LINE2622,1052,1054
LINE2623,1053,1054
LINE2624,1053,1055
LINE2625,1054,1055
LINE2626,1055,1675
LINE2627,1057,1058
LINE2628,1057,1996
LINE2629,1057,1167
LINE2630,1058,1805
LINE2631,1059,1061
LINE2632,1060,1329
LINE2633,1060,1862
LINE2634,1061,1062
LINE2635,1062,1221
LINE2636,1063,1924
LINE2637,1064,1065
LINE2638,1064,1522
LINE2639,1065,1067
LINE2640,1065,1556
LINE2641,1066,1067
LINE2642,1066,1068
LINE2643,1067,1746
LINE2644,1068,1198
LINE2645,1069,1070
LINE2646,1069,1071
LINE2647,1070,1072
LINE2648,1070,1071
LINE2649,1071,1251
LINE2650,1072,1074
LINE2651,1073,1402
LINE2652,1073,1075
LINE2653,1074,1075
LINE2654,1074,1076
LINE2655,1075,1233
LINE2656,1075,1076
LINE2657,1075,1077
LINE2658,1076,1700
LINE2659,1076,1077
LINE2660,1076,1723
LINE2661,1077,1124
LINE2662,1077,1078
LINE2663,1078,1953
LINE2664,1078,1079
LINE2665,1079,1956
LINE2666,1079,1261
LINE2667,1080,1081
LINE2668,1080,1082
LINE2669,1080,1748
LINE2670,1081,1609
LINE2671,1081,1229
LINE2672,1082,1506
LINE2673,1082,1083
LINE2674,1083,1085
LINE2675,1084,1086
LINE2676,1085,1086
LINE2677,1085,1335
LINE2678,1086,1087
LINE2679,1087,1112
LINE2680,1087,1089
LINE2681,1088,1089
LINE2682,1088,1090
LINE2683,1089,1090
LINE2684,1089,1091
LINE2685,1090,1689
LINE2686,1091,1092
LINE2687,1091,1093
LINE2688,1093,1303
LINE2689,1093,1338
LINE2690,1094,1096
LINE2691,1094,1688
LINE2692,1094,1095
LINE2693,1095,1250
LINE2694,1095,1096
LINE2695,1095,1097
LINE2696,1095,1644
LINE2697,1096,1098
LINE2698,1096,1383
LINE2699,1097,1099
LINE2700,1098,1100
LINE2701,1099,1101
LINE2702,1099,1733
LINE2703,1100,1101
LINE2704,1101,1102
LINE2705,1102,1185
LINE2706,1102,1103
LINE2707,1103,1105
LINE2708,1104,1210
LINE2709,1104,1478
LINE2710,1105,1538
LINE2711,1106,1108
LINE2712,1107,1109
LINE2713,1107,1467
LINE2714,1108,1109
LINE2715,1108,1110
LINE2716,1109,1408
LINE2717,1109,1110
LINE2718,1109,1111
LINE2719,1110,1112
LINE2720,1110,1111
LINE2721,1111,1112
LINE2722,1111,1744
LINE2723,1111,1907
LINE2724,1112,1872
LINE2725,1113,1114
LINE2726,1113,1554
LINE2727,1114,1115
LINE2728,1115,1116
LINE2729,1115,1117
LINE2730,1116,1531
LINE2731,1116,1964
LINE2732,1116,1117
LINE2733,1117,1118
LINE2734,1118,1120
LINE2735,1118,1504
LINE2736,1119,1120
LINE2737,1119,1121
LINE2738,1120,1121
LINE2739,1120,1127
LINE2740,1121,1122
LINE2741,1121,1234
LINE2742,1122,1123
LINE2743,1123,1124
LINE2744,1123,1798
LINE2745,1123,1453
LINE2746,1123,1584
LINE2747,1123,1398
LINE2748,1123,1759
LINE2749,1124,1126
LINE2750,1124,1534
LINE2751,1125,1126
LINE2752,1125,1127
LINE2753,1125,1359
LINE2754,1126,1127
LINE2755,1126,1453
LINE2756,1126,1617
LINE2757,1126,1239
LINE2758,1127,1129
LINE2759,1128,1130
LINE2760,1128,1458
LINE2761,1128,1759
LINE2762,1129,1568
LINE2763,1129,1130
LINE2764,1130,1132
LINE2765,1131,1132
LINE2766,1131,1133
LINE2767,1132,1350
LINE2768,1132,1134
LINE2769,1132,1269
LINE2770,1133,1134
LINE2771,1133,1135
LINE2772,1134,1136
LINE2773,1135,1643
LINE2774,1136,1963
LINE2775,1137,1138
LINE2776,1137,1155
LINE2777,1137,1561
LINE2778,1138,1139
LINE2779,1138,1140
LINE2780,1139,1343
LINE2781,1140,1141
LINE2782,1141,1349
LINE2783,1141,1142
LINE2784,1141,1143
LINE2785,1141,1790
LINE2786,1143,1747
LINE2787,1143,1144
LINE2788,1143,1311
LINE2789,1144,1145
LINE2790,1144,1207
LINE2791,1145,1146
LINE2792,1145,1147
LINE2793,1146,1147
LINE2794,1147,1601
LINE2795,1147,1840
LINE2796,1148,1149
LINE2797,1148,1485
LINE2798,1150,1533
LINE2799,1150,1151
LINE2800,1151,1152
LINE2801,1152,1153
LINE2802,1152,1154
LINE2803,1152,1439
LINE2804,1153,1386
LINE2805,1153,1757
LINE2806,1154,1156
LINE2807,1155,1156
LINE2808,1155,1157
LINE2809,1156,1157
LINE2810,1156,1946
LINE2811,1157,1309
LINE2812,1157,1158
LINE2813,1158,1160
LINE2814,1158,1159
LINE2815,1159,1160
LINE2816,1159,1161
LINE2817,1160,1292
LINE2818,1160,1813
LINE2819,1161,1233
LINE2820,1161,1751
LINE2821,1162,1163
LINE2822,1162,1164
LINE2823,1162,1542
LINE2824,1163,1562
LINE2825,1163,1165
LINE2826,1164,1165
LINE2827,1164,1301
LINE2828,1165,1166
LINE2829,1165,1167
LINE2830,1166,1902
LINE2831,1167,1389
LINE2832,1167,1850
LINE2833,1168,1456
LINE2834,1168,1218
LINE2835,1169,1170
LINE2836,1169,1171
LINE2837,1169,1958
LINE2838,1170,1466
LINE2839,1170,1619
LINE2840,1171,1376
LINE2841,1171,1173
LINE2842,1172,1289
LINE2843,1172,1603
LINE2844,1173,1174
LINE2845,1174,1176
LINE2846,1176,1177
LINE2847,1176,1178
LINE2848,1177,1749
LINE2849,1177,1179
LINE2850,1178,1179
LINE2851,1178,1524
LINE2852,1179,1180
LINE2853,1180,1665
LINE2854,1180,1181
LINE2855,1181,1188
LINE2856,1181,1237
LINE2857,1182,1184
LINE2858,1182,1183
LINE2859,1183,1184
LINE2860,1183,1185
LINE2861,1184,1376
LINE2862,1184,1185
LINE2863,1185,1187
LINE2864,1185,1823
LINE2865,1186,1568
LINE2866,1186,1188
LINE2867,1187,1412
LINE2868,1187,1189
LINE2869,1187,1265
LINE2870,1188,1883
LINE2871,1188,1790
LINE2872,1189,1546
LINE2873,1189,1881
LINE2874,1191,1192
LINE2875,1191,1193
LINE2876,1192,1193
LINE2877,1192,1778
LINE2878,1193,1194
LINE2879,1193,1195
LINE2880,1194,1248
LINE2881,1194,1934
LINE2882,1194,1975
LINE2883,1195,1196
LINE2884,1195,1924
LINE2885,1196,1551
LINE2886,1197,1198
LINE2887,1197,1199
LINE2888,1198,1847
LINE2889,1198,1199
LINE2890,1198,1200
LINE2891,1199,1702
LINE2892,1199,1607
LINE2893,1199,1201
LINE2894,1200,1201
LINE2895,1200,1202
LINE2896,1200,1598
LINE2897,1201,1203
LINE2898,1201,1354
LINE2899,1203,1204
LINE2900,1204,1760
LINE2901,1204,1925
LINE2902,1205,1471
LINE2903,1205,1206
LINE2904,1205,1207
LINE2905,1206,1801
LINE2906,1206,1208
LINE2907,1206,1561
LINE2908,1208,1209
LINE2909,1208,1913
LINE2910,1208,1569
LINE2911,1209,1806
LINE2912,1210,1369
LINE2913,1210,1211
LINE2914,1211,1976
LINE2915,1211,1213
LINE2916,1212,1213
LINE2917,1213,1214
LINE2918,1214,1216
LINE2919,1214,1773
LINE2920,1214,1215
LINE2921,1215,1216
LINE2922,1215,1217
LINE2923,1217,1696
LINE2924,1217,1218
LINE2925,1217,1358
LINE2926,1219,1220
LINE2927,1219,1256
LINE2928,1219,1802
LINE2929,1220,1355
LINE2930,1221,1222
LINE2931,1222,1223
LINE2932,1222,1343
LINE2933,1223,1224
LINE2934,1223,1659
LINE2935,1225,1226
LINE2936,1225,1227
LINE2937,1226,1897
LINE2938,1226,1495
LINE2939,1226,1403
LINE2940,1227,1680
LINE2941,1227,1535
LINE2942,1228,1633
LINE2943,1228,1293
LINE2944,1229,1231
LINE2945,1230,1232
LINE2946,1230,1255
LINE2947,1231,1240
LINE2948,1231,1325
LINE2949,1232,1233
LINE2950,1232,1234
LINE2951,1233,1234
LINE2952,1234,1263
LINE2953,1235,1237
LINE2954,1236,1750
LINE2955,1236,1237
LINE2956,1236,1238
LINE2957,1237,1650
LINE2958,1237,1238
LINE2959,1237,1470
LINE2960,1238,1240
LINE2961,1238,1239
LINE2962,1239,1849
LINE2963,1239,1241
LINE2964,1240,1241
LINE2965,1240,1242
LINE2966,1241,1360
LINE2967,1241,1242
LINE2968,1242,1347
LINE2969,1243,1244
LINE2970,1243,1245
LINE2971,1244,1979
LINE2972,1244,1246
LINE2973,1245,1246
LINE2974,1245,1247
LINE2975,1246,1248
LINE2976,1246,1575
LINE2977,1246,1933
LINE2978,1246,1306
LINE2979,1247,1249
LINE2980,1247,1570
LINE2981,1248,1249
LINE2982,1248,1279
LINE2983,1249,1250
LINE2984,1249,1251
LINE2985,1250,1559
LINE2986,1251,1253
LINE2987,1252,1672
LINE2988,1252,1253
LINE2989,1253,1344
LINE2990,1254,1857
LINE2991,1254,1255
LINE2992,1254,1835
LINE2993,1254,1552
LINE2994,1255,1447
LINE2995,1256,1257
LINE2996,1256,1258
LINE2997,1257,1258
LINE2998,1258,1370
LINE2999,1259,1304
LINE3000,1260,1295
LINE3001,1260,1458
LINE3002,1261,1263
LINE3003,1262,1263
LINE3004,1263,1892
LINE3005,1263,1264
LINE3006,1263,1368
LINE3007,1263,1279
LINE3008,1264,1266
LINE3009,1265,1803
LINE3010,1265,1267
LINE3011,1266,1267
LINE3012,1266,1268
LINE3013,1267,1924
LINE3014,1268,1281
LINE3015,1269,1440
LINE3016,1270,1685
LINE3017,1270,1272
LINE3018,1270,1322
LINE3019,1270,1982
LINE3020,1271,1272
LINE3021,1271,1763
LINE3022,1272,1902
LINE3023,1272,1424
LINE3024,1273,1274
LINE3025,1273,1275
LINE3026,1274,1276
LINE3027,1274,1294
LINE3028,1275,1276
LINE3029,1276,1729
LINE3030,1276,1277
LINE3031,1277,1486
LINE3032,1277,1278
LINE3033,1278,1280
LINE3034,1278,1279
LINE3035,1279,1280
LINE3036,1280,1797
LINE3037,1280,1753
LINE3038,1281,1282
LINE3039,1281,1542
LINE3040,1281,1547
LINE3041,1282,1283
LINE3042,1282,1284
LINE3043,1283,1284
LINE3044,1283,1486
LINE3045,1284,1913
LINE3046,1284,1459
LINE3047,1284,1286
LINE3048,1285,1286
LINE3049,1285,1991
LINE3050,1286,1288
LINE3051,1286,1750
LINE3052,1286,1287
LINE3053,1287,1288
LINE3054,1287,1289
LINE3055,1287,1548
LINE3056,1287,1705
LINE3057,1288,1289
LINE3058,1288,1290
LINE3059,1288,1460
LINE3060,1289,1291
LINE3061,1289,1356
LINE3062,1290,1291
LINE3063,1291,1292
LINE3064,1291,1782
LINE3065,1292,1293
LINE3066,1292,1294
LINE3067,1293,1773
LINE3068,1293,1294
LINE3069,1293,1758
LINE3070,1293,1726
LINE3071,1294,1295
LINE3072,1294,1296
LINE3073,1296,1381
LINE3074,1296,1394
LINE3075,1296,1298
LINE3076,1297,1299
LINE3077,1297,1661
LINE3078,1298,1300
LINE3079,1299,1554
LINE3080,1299,1301
LINE3081,1300,1987
LINE3082,1300,1302
LINE3083,1301,1618
LINE3084,1301,1302
LINE3085,1302,1348
LINE3086,1302,1766
LINE3087,1303,1305
LINE3088,1304,1306
LINE3089,1304,1404
LINE3090,1305,1930
LINE3091,1305,1326
LINE3092,1306,1515
LINE3093,1306,1307
LINE3094,1307,1461
LINE3095,1307,1308
LINE3096,1307,1949
LINE3097,1308,1333
LINE3098,1309,1513
LINE3099,1309,1310
LINE3100,1309,1913
LINE3101,1309,1438
LINE3102,1310,1312
LINE3103,1310,1682
LINE3104,1311,1313
LINE3105,1312,1313
LINE3106,1312,1314
LINE3107,1312,1482
LINE3108,1313,1314
LINE3109,1313,1315
LINE3110,1314,1316
LINE3111,1314,1817
LINE3112,1315,1316
LINE3113,1315,1317
LINE3114,1316,1971
LINE3115,1316,1318
LINE3116,1317,1318
LINE3117,1318,1319
LINE3118,1318,1320
LINE3119,1319,1321
LINE3120,1320,1489
LINE3121,1321,1800
LINE3122,1324,1325
LINE3123,1324,1326
LINE3124,1326,1327
LINE3125,1326,1328
LINE3126,1327,1328
LINE3127,1327,1800
LINE3128,1328,1896
LINE3129,1328,1329
LINE3130,1328,1971
LINE3131,1329,1331
LINE3132,1330,1425
LINE3133,1330,1331
LINE3134,1331,1333
LINE3135,1333,1334
LINE3136,1334,1336
LINE3137,1335,1337
LINE3138,1336,1338
LINE3139,1336,1466
LINE3140,1338,1340
LINE3141,1339,1340
LINE3142,1340,1341
LINE3143,1340,1342
LINE3144,1341,1343
LINE3145,1342,1344
LINE3146,1342,1543
LINE3147,1342,1343
LINE3148,1343,1406
LINE3149,1344,1345
LINE3150,1344,1346
LINE3151,1345,1527
LINE3152,1345,1347
LINE3153,1345,1707
LINE3154,1346,1347
LINE3155,1347,1348
LINE3156,1348,1350
LINE3157,1348,1931
LINE3158,1348,1591
LINE3159,1349,1443
LINE3160,1350,1410
LINE3161,1350,1352
LINE3162,1352,1354
LINE3163,1352,1778
LINE3164,1352,1884
LINE3165,1353,1354
LINE3166,1353,1355
LINE3167,1354,1390
LINE3168,1355,1568
LINE3169,1355,1543
LINE3170,1355,1357
LINE3171,1355,1619
LINE3172,1356,1357
LINE3173,1358,1359
LINE3174,1358,1360
LINE3175,1359,1461
LINE3176,1360,1361
LINE3177,1360,1618
LINE3178,1361,1370
LINE3179,1361,1363
LINE3180,1362,1906
LINE3181,1362,1811
LINE3182,1364,1365
LINE3183,1365,1367
LINE3184,1366,1793
LINE3185,1366,1698
LINE3186,1366,1368
LINE3187,1367,1771
LINE3188,1367,1368
LINE3189,1369,1769
LINE3190,1369,1371
LINE3191,1370,1371
LINE3192,1371,1372
LINE3193,1371,1373
LINE3194,1372,1990
LINE3195,1372,1374
LINE3196,1373,1832
LINE3197,1373,1653
LINE3198,1374,1376
LINE3199,1374,1548
LINE3200,1375,1390
LINE3201,1377,1378
LINE3202,1377,1451
LINE3203,1378,1379
LINE3204,1379,1882
LINE3205,1380,1643
LINE3206,1380,1708
LINE3207,1380,1983
LINE3208,1381,1555
LINE3209,1382,1869
LINE3210,1384,1385
LINE3211,1385,1386
LINE3212,1385,1387
LINE3213,1386,1388
LINE3214,1387,1965
LINE3215,1387,1980
LINE3216,1388,1389
LINE3217,1388,1838
LINE3218,1388,1829
LINE3219,1390,1391
LINE3220,1392,1394
LINE3221,1392,1814
LINE3222,1393,1394
LINE3223,1393,1395
LINE3224,1393,1706
LINE3225,1394,1396
LINE3226,1395,1664
LINE3227,1396,1397
LINE3228,1396,1398
LINE3229,1397,1482
LINE3230,1397,1399
LINE3231,1399,1400
LINE3232,1399,1401
LINE3233,1400,1401
LINE3234,1401,1583
LINE3235,1401,1402
LINE3236,1401,1403
LINE3237,1402,1423
LINE3238,1402,1753
LINE3239,1402,1629
LINE3240,1403,1987
LINE3241,1403,1404
LINE3242,1405,1668
LINE3243,1405,1406
LINE3244,1406,1879
LINE3245,1407,1986
LINE3246,1407,1874
LINE3247,1408,1409
LINE3248,1409,1494
LINE3249,1410,1412
LINE3250,1411,1463
LINE3251,1412,1414
LINE3252,1413,1491
LINE3253,1413,1415
LINE3254,1414,1540
LINE3255,1414,1415
LINE3256,1414,1991
LINE3257,1415,1416
LINE3258,1415,1417
LINE3259,1416,1417
LINE3260,1416,1418
LINE3261,1417,1418
LINE3262,1417,1419
LINE3263,1418,1874
LINE3264,1418,1419
LINE3265,1418,1420
LINE3266,1419,1420
LINE3267,1420,1421
LINE3268,1420,1734
LINE3269,1421,1612
LINE3270,1421,1422
LINE3271,1421,1423
LINE3272,1422,1424
LINE3273,1423,1424
LINE3274,1423,1425
LINE3275,1425,1426
LINE3276,1426,1967
LINE3277,1428,1429
LINE3278,1428,1430
LINE3279,1429,1430
LINE3280,1430,1432
LINE3281,1430,1972
LINE3282,1431,1432
LINE3283,1431,1433
LINE3284,1432,1433
LINE3285,1432,1434
LINE3286,1433,1858
LINE3287,1433,1990
LINE3288,1433,1435
LINE3289,1434,1435
LINE3290,1434,1695
LINE3291,1435,1436
LINE3292,1436,1574
LINE3293,1436,1438
LINE3294,1437,1438
LINE3295,1437,1439
LINE3296,1439,1441
LINE3297,1440,1488
LINE3298,1440,1441
LINE3299,1441,1609
LINE3300,1443,1444
LINE3301,1443,1921
LINE3302,1444,1445
LINE3303,1444,1446
LINE3304,1445,1446
LINE3305,1446,1447
LINE3306,1446,1448
LINE3307,1446,1772
LINE3308,1446,1879
LINE3309,1447,1448
LINE3310,1447,1449
LINE3311,1448,1450
LINE3312,1449,1450
LINE3313,1449,1451
LINE3314,1450,1451
LINE3315,1452,1453
LINE3316,1452,1454
LINE3317,1454,1804
LINE3318,1454,1456
LINE3319,1455,1456
LINE3320,1455,1457
LINE3321,1456,1891
LINE3322,1457,1866
LINE3323,1457,1484
LINE3324,1457,1459
LINE3325,1458,1844
LINE3326,1459,1461
LINE3327,1460,1462
LINE3328,1462,1463
LINE3329,1463,1465
LINE3330,1463,1659
LINE3331,1464,1565
LINE3332,1465,1467
LINE3333,1466,1468
LINE3334,1467,1890
LINE3335,1467,1853
LINE3336,1468,1469
LINE3337,1468,1470
LINE3338,1469,1470
LINE3339,1469,1471
LINE3340,1470,1471
LINE3341,1471,1473
LINE3342,1471,1755
LINE3343,1472,1972
LINE3344,1473,1631
LINE3345,1473,1670
LINE3346,1474,1476
LINE3347,1475,1477
LINE3348,1476,1477
LINE3349,1476,1714
LINE3350,1477,1478
LINE3351,1477,1479
LINE3352,1478,1983
LINE3353,1478,1479
LINE3354,1479,1681
LINE3355,1480,1482
LINE3356,1481,1482
LINE3357,1482,1848
LINE3358,1483,1811
LINE3359,1483,1484
LINE3360,1483,1485
LINE3361,1484,1660
LINE3362,1486,1573
LINE3363,1487,1488
LINE3364,1489,1491
LINE3365,1490,1889
LINE3366,1490,1491
LINE3367,1491,1492
LINE3368,1492,1494
LINE3369,1494,1495
LINE3370,1495,1496
LINE3371,1496,1497
LINE3372,1496,1914
LINE3373,1497,1885
LINE3374,1497,1742
LINE3375,1498,1500
LINE3376,1499,1501
LINE3377,1499,1631
LINE3378,1500,1502
LINE3379,1501,1789
LINE3380,1501,1502
LINE3381,1502,1503
LINE3382,1503,1504
LINE3383,1503,1675
LINE3384,1504,1506
LINE3385,1505,1506
LINE3386,1505,1507
LINE3387,1506,1508
LINE3388,1507,1508
LINE3389,1507,1509
LINE3390,1507,1637
LINE3391,1508,1509
LINE3392,1508,1510
LINE3393,1509,1637
LINE3394,1510,1512
LINE3395,1510,1511
LINE3396,1511,1947
LINE3397,1512,1513
LINE3398,1512,1686
LINE3399,1513,1514
LINE3400,1513,1648
LINE3401,1515,1797
LINE3402,1515,1799
LINE3403,1516,1517
LINE3404,1517,1519
LINE3405,1518,1519
LINE3406,1518,1520
LINE3407,1518,1662
LINE3408,1519,1520
LINE3409,1520,1948
LINE3410,1521,1775
LINE3411,1521,1522
LINE3412,1521,1523
LINE3413,1521,1534
LINE3414,1522,1702
LINE3415,1522,1523
LINE3416,1524,1526
LINE3417,1525,1527
LINE3418,1526,1528
LINE3419,1526,1527
LINE3420,1527,1529
LINE3421,1528,1529
LINE3422,1528,1530
LINE3423,1528,1748
LINE3424,1529,1531
LINE3425,1530,1532
LINE3426,1531,1692
LINE3427,1532,1657
LINE3428,1532,1534
LINE3429,1533,1534
LINE3430,1535,1536
LINE3431,1535,1599
LINE3432,1536,1537
LINE3433,1537,1970
LINE3434,1537,1686
LINE3435,1537,1661
LINE3436,1538,1540
LINE3437,1539,1540
LINE3438,1540,1542
LINE3439,1541,1745
LINE3440,1541,1542
LINE3441,1542,1582
LINE3442,1543,1723
LINE3443,1544,1546
LINE3444,1545,1547
LINE3445,1547,1697
LINE3446,1547,1786
LINE3447,1548,1549
LINE3448,1549,1550
LINE3449,1549,1551
LINE3450,1550,1835
LINE3451,1550,1551
LINE3452,1550,1552
LINE3453,1551,1571
LINE3454,1551,1894
LINE3455,1551,1707
LINE3456,1551,1553
LINE3457,1552,1646
LINE3458,1552,1553
LINE3459,1553,1554
LINE3460,1554,1555
LINE3461,1554,1940
LINE3462,1555,1556
LINE3463,1556,1867
LINE3464,1556,1644
LINE3465,1557,1711
LINE3466,1558,1560
LINE3467,1558,1922
LINE3468,1558,1559
LINE3469,1559,1561
LINE3470,1560,1561
LINE3471,1560,1562
LINE3472,1561,1562
LINE3473,1562,1564
LINE3474,1564,1566
LINE3475,1565,1608
LINE3476,1565,1566
LINE3477,1565,1567
LINE3478,1566,1567
LINE3479,1567,1568
LINE3480,1567,1569
LINE3481,1571,1573
LINE3482,1571,1597
LINE3483,1572,1573
LINE3484,1572,1574
LINE3485,1573,1574
LINE3486,1574,1575
LINE3487,1574,1576
LINE3488,1575,1576
LINE3489,1576,1578
LINE3490,1576,1725
LINE3491,1577,1579
LINE3492,1578,1579
LINE3493,1578,1580
LINE3494,1579,1580
LINE3495,1579,1581
LINE3496,1580,1582
LINE3497,1581,1801
LINE3498,1581,1582
LINE3499,1584,1877
LINE3500,1585,1586
LINE3501,1585,1587
LINE3502,1585,1917
LINE3503,1586,1587
LINE3504,1586,1588
LINE3505,1588,1589
LINE3506,1589,1590
LINE3507,1589,1626
LINE3508,1589,1787
LINE3509,1591,1730
LINE3510,1591,1796
LINE3511,1591,1592
LINE3512,1591,1593
LINE3513,1592,1593
LINE3514,1592,1594
LINE3515,1593,1851
LINE3516,1593,1594
LINE3517,1593,1947
LINE3518,1594,1595
LINE3519,1595,1836
LINE3520,1595,1945
LINE3521,1596,1598
LINE3522,1597,1851
LINE3523,1598,1600
LINE3524,1599,1601
LINE3525,1600,1602
LINE3526,1601,1602
LINE3527,1601,1603
LINE3528,1602,1604
LINE3529,1602,1777
LINE3530,1603,1605
LINE3531,1604,1966
LINE3532,1604,1606
LINE3533,1605,1893
LINE3534,1605,1607
LINE3535,1606,1608
LINE3536,1606,1936
LINE3537,1607,1609
LINE3538,1607,1834
LINE3539,1608,1993
LINE3540,1608,1610
LINE3541,1609,1610
LINE3542,1610,1612
LINE3543,1610,1673
LINE3544,1611,1613
LINE3545,1612,1917
LINE3546,1613,1614
LINE3547,1614,1616
LINE3548,1614,1615
LINE3549,1615,1617
LINE3550,1616,1889
LINE3551,1616,1618
LINE3552,1619,1620
LINE3553,1620,1621
LINE3554,1620,1622
LINE3555,1621,1622
LINE3556,1621,1623
LINE3557,1622,1696
LINE3558,1622,1623
LINE3559,1622,1624
LINE3560,1623,1625
LINE3561,1624,1626
LINE3562,1624,1948
LINE3563,1625,1626
LINE3564,1626,1627
LINE3565,1627,1628
LINE3566,1628,1629
LINE3567,1628,1630
LINE3568,1629,1630
LINE3569,1630,1632
LINE3570,1630,1631
LINE3571,1631,1788
LINE3572,1632,1642
LINE3573,1632,1914
LINE3574,1633,1634
LINE3575,1633,1635
LINE3576,1634,1648
LINE3577,1634,1635
LINE3578,1634,1636
LINE3579,1635,1636
LINE3580,1636,1638
LINE3581,1637,1996
LINE3582,1638,1640
LINE3583,1638,1639
LINE3584,1639,1640
LINE3585,1639,1850
LINE3586,1640,1641
LINE3587,1640,1642
LINE3588,1640,1993
LINE3589,1641,1642
LINE3590,1641,1643
LINE3591,1642,1930
LINE3592,1642,1643
LINE3593,1642,1644
LINE3594,1645,1863
LINE3595,1645,1647
LINE3596,1646,1647
LINE3597,1649,1650
LINE3598,1649,1651
LINE3599,1650,1815
LINE3600,1651,1816
LINE3601,1652,1653
LINE3602,1652,1654
LINE3603,1653,1654
LINE3604,1653,1655
LINE3605,1654,1656
LINE3606,1654,1655
LINE3607,1655,1656
LINE3608,1657,1658
LINE3609,1657,1659
LINE3610,1658,1660
LINE3611,1659,1883
LINE3612,1659,1660
LINE3613,1660,1661
LINE3614,1662,1663
LINE3615,1663,1665
LINE3616,1664,1824
LINE3617,1666,1668
LINE3618,1667,1668
LINE3619,1667,1669
LINE3620,1667,1765
LINE3621,1670,1672
LINE3622,1670,1992
LINE3623,1671,1672
LINE3624,1671,1673
LINE3625,1672,1673
LINE3626,1672,1674
LINE3627,1673,1674
LINE3628,1673,1675
LINE3629,1674,1675
LINE3630,1674,1676
LINE3631,1675,1676
LINE3632,1675,1712
LINE3633,1677,1679
LINE3634,1678,1680
LINE3635,1678,1719
LINE3636,1678,1684
LINE3637,1678,1679
LINE3638,1681,1682
LINE3639,1681,1683
LINE3640,1682,1683
LINE3641,1682,1684
LINE3642,1683,1869
LINE3643,1683,1968
LINE3644,1683,1843
LINE3645,1685,1686
LINE3646,1686,1688
LINE3647,1687,1688
LINE3648,1687,1689
LINE3649,1687,1923
LINE3650,1688,1845
LINE3651,1689,1691
LINE3652,1690,1692
LINE3653,1690,1862
LINE3654,1691,1692
LINE3655,1691,1693
LINE3656,1692,1733
LINE3657,1693,1694
LINE3658,1693,1695
LINE3659,1695,1696
LINE3660,1696,1948
LINE3661,1698,1731
LINE3662,1698,1699
LINE3663,1699,1876
LINE3664,1699,1700
LINE3665,1699,1701
LINE3666,1700,1898
LINE3667,1700,1882
LINE3668,1701,1702
LINE3669,1701,1703
LINE3670,1702,1704
LINE3671,1703,1704
LINE3672,1703,1705
LINE3673,1703,1720
LINE3674,1704,1705
LINE3675,1705,1706
LINE3676,1707,1708
LINE3677,1708,1765
LINE3678,1709,1920
LINE3679,1710,1839
LINE3680,1710,1711
LINE3681,1711,1732
LINE3682,1712,1714
LINE3683,1712,1751
LINE3684,1713,1714
LINE3685,1713,1715
LINE3686,1714,1716
LINE3687,1716,1717
LINE3688,1716,1718
LINE3689,1717,1718
LINE3690,1718,1874
LINE3691,1718,1719
LINE3692,1720,1995
LINE3693,1720,1808
LINE3694,1720,1905
LINE3695,1720,1977
LINE3696,1721,1753
LINE3697,1721,1722
LINE3698,1721,1835
LINE3699,1722,1795
LINE3700,1722,1805
LINE3701,1722,1855
LINE3702,1724,1725
LINE3703,1725,1726
LINE3704,1725,1727
LINE3705,1726,1728
LINE3706,1727,1728
LINE3707,1727,1729
LINE3708,1728,1730
LINE3709,1729,1730
LINE3710,1731,1732
LINE3711,1732,1734
LINE3712,1733,1734
LINE3713,1734,1735
LINE3714,1734,1736
LINE3715,1734,1945
LINE3716,1735,1736
LINE3717,1735,1737
LINE3718,1736,1841
LINE3719,1737,1739
LINE3720,1738,1852
LINE3721,1738,1740
LINE3722,1739,1740
LINE3723,1739,1741
LINE3724,1740,1742
LINE3725,1741,1742
LINE3726,1741,1973
LINE3727,1743,1745
LINE3728,1745,1746
LINE3729,1746,1747
LINE3730,1746,1748
LINE3731,1749,1750
LINE3732,1750,1900
LINE3733,1751,1753
LINE3734,1752,1753
LINE3735,1752,1754
LINE3736,1752,1901
LINE3737,1753,1755
LINE3738,1754,1756
LINE3739,1755,1756
LINE3740,1756,1757
LINE3741,1756,1758
LINE3742,1758,1760
LINE3743,1758,1959
LINE3744,1759,1761
LINE3745,1762,1763
LINE3746,1762,1764
LINE3747,1764,1765
LINE3748,1764,1766
LINE3749,1765,1766
LINE3750,1766,1768
LINE3751,1766,1767
LINE3752,1767,1824
LINE3753,1767,1923
LINE3754,1768,1769
LINE3755,1769,1771
LINE3756,1770,1771
LINE3757,1771,1773
LINE3758,1772,1773
LINE3759,1773,1775
LINE3760,1774,1776
LINE3761,1775,1777
LINE3762,1776,1777
LINE3763,1776,1778
LINE3764,1777,1778
LINE3765,1777,1779
LINE3766,1779,1780
LINE3767,1779,1781
LINE3768,1780,1781
LINE3769,1780,1782
LINE3770,1781,1782
LINE3771,1782,1784
LINE3772,1784,1785
LINE3773,1784,1786
LINE3774,1785,1787
LINE3775,1786,1788
LINE3776,1787,1789
LINE3777,1788,1822
LINE3778,1789,1790
LINE3779,1790,1791
LINE3780,1792,1978
LINE3781,1792,1919
LINE3782,1793,1795
LINE3783,1794,1795
LINE3784,1794,1796
LINE3785,1797,1798
LINE3786,1798,1800
LINE3787,1799,1800
LINE3788,1800,1801
LINE3789,1802,1803
LINE3790,1803,1804
LINE3791,1804,1806
LINE3792,1805,1807
LINE3793,1806,1808
LINE3794,1807,1808
LINE3795,1807,1809
LINE3796,1809,1810
LINE3797,1809,1945
LINE3798,1810,1811
LINE3799,1810,1812
LINE3800,1812,1814
LINE3801,1812,1975
LINE3802,1813,1815
LINE3803,1814,1815
LINE3804,1814,1816
LINE3805,1815,1816
LINE3806,1816,1817
LINE3807,1816,1962
LINE3808,1817,1818
LINE3809,1817,1983
LINE3810,1818,1921
LINE3811,1819,1821
LINE3812,1820,1822
LINE3813,1821,1822
LINE3814,1821,1887
LINE3815,1822,1824
LINE3816,1823,1824
LINE3817,1823,1825
LINE3818,1826,1860
LINE3819,1826,1903
LINE3820,1827,1828
LINE3821,1828,1864
LINE3822,1828,1830
LINE3823,1829,1831
LINE3824,1830,1832
LINE3825,1830,1896
LINE3826,1831,1832
LINE3827,1832,1833
LINE3828,1833,1835
LINE3829,1834,1836
LINE3830,1836,1837
LINE3831,1837,1838
LINE3832,1838,1839
LINE3833,1838,1840
LINE3834,1839,1840
LINE3835,1840,1841
LINE3836,1841,1842
LINE3837,1843,1845
LINE3838,1844,1846
LINE3839,1845,1910
LINE3840,1846,1847
LINE3841,1846,1848
LINE3842,1847,1988
LINE3843,1848,1850
LINE3844,1849,1850
LINE3845,1850,1852
LINE3846,1851,1852
LINE3847,1852,1853
LINE3848,1853,1854
LINE3849,1853,1855
LINE3850,1854,1856
LINE3851,1854,1855
LINE3852,1855,1856
LINE3853,1855,1857
LINE3854,1856,1857
LINE3855,1856,1858
LINE3856,1856,1965
LINE3857,1857,1994
LINE3858,1858,1866
LINE3859,1859,1860
LINE3860,1859,1861
LINE3861,1860,1861
LINE3862,1861,1862
LINE3863,1862,1863
LINE3864,1862,1864
LINE3865,1863,1864
LINE3866,1864,1866
LINE3867,1866,1888
LINE3868,1867,1868
LINE3869,1868,1869
LINE3870,1869,1870
LINE3871,1870,1871
LINE3872,1873,1874
LINE3873,1875,1876
LINE3874,1876,1905
LINE3875,1878,1880
LINE3876,1880,1881
LINE3877,1880,1882
LINE3878,1881,1882
LINE3879,1881,1883
LINE3880,1882,1884
LINE3881,1883,1884
LINE3882,1884,1885
LINE3883,1884,1886
LINE3884,1885,1886
LINE3885,1885,1887
LINE3886,1886,1888
LINE3887,1886,1887
LINE3888,1887,1888
LINE3889,1888,1890
LINE3890,1889,1891
LINE3891,1890,1891
LINE3892,1890,1892
LINE3893,1891,1893
LINE3894,1892,1894
LINE3895,1893,1895
LINE3896,1895,1896
LINE3897,1896,1898
LINE3898,1897,1898
LINE3899,1898,1899
LINE3900,1899,1900
LINE3901,1899,1901
LINE3902,1900,1902
LINE3903,1902,1904
LINE3904,1903,1905
LINE3905,1904,1905
LINE3906,1904,1906
LINE3907,1906,1907
LINE3908,1908,1910
LINE3909,1909,1910
LINE3910,1910,1912
LINE3911,1911,1912
LINE3912,1911,1913
LINE3913,1914,1915
LINE3914,1915,1917
LINE3915,1916,1917
LINE3916,1916,1918
LINE3917,1917,1919
LINE3918,1918,1920
LINE3919,1919,1921
LINE3920,1920,1921
LINE3921,1920,1922
LINE3922,1921,1923
LINE3923,1924,1925
LINE3924,1925,1926
LINE3925,1926,1928
LINE3926,1926,1927
LINE3927,1927,1928
LINE3928,1927,1929
LINE3929,1928,1930
LINE3930,1929,1930
LINE3931,1929,1931
LINE3932,1930,1931
LINE3933,1931,1933
LINE3934,1932,1933
LINE3935,1932,1934
LINE3936,1934,1935
LINE3937,1936,1938
LINE3938,1937,1938
LINE3939,1937,1939
LINE3940,1938,1939
LINE3941,1938,1940
LINE3942,1939,1940
LINE3943,1941,1942
LINE3944,1942,1944
LINE3945,1942,1943
LINE3946,1943,1944
LINE3947,1944,1946
LINE3948,1946,1967
LINE3949,1947,1948
LINE3950,1947,1949
LINE3951,1950,1951
LINE3952,1951,1953
LINE3953,1952,1953
LINE3954,1952,1954
LINE3955,1953,1955
LINE3956,1954,1955
LINE3957,1955,1956
LINE3958,1955,1957
LINE3959,1956,1957
LINE3960,1959,1961
LINE3961,1960,1961
LINE3962,1960,1962
LINE3963,1961,1962
LINE3964,1961,1963
LINE3965,1962,1963
LINE3966,1962,1964
LINE3967,1963,1964
LINE3968,1964,1965
LINE3969,1967,1968
LINE3970,1968,1969
LINE3971,1969,1971
LINE3972,1971,1972
LINE3973,1972,1973
LINE3974,1972,1976
LINE3975,1973,1974
LINE3976,1973,1975
LINE3977,1974,1976
LINE3978,1974,1975
LINE3979,1975,1976
LINE3980,1977,1979
LINE3981,1978,1980
LINE3982,1979,1981
LINE3983,1981,1982
LINE3984,1981,1983
LINE3985,1982,1984
LINE3986,1984,1985
LINE3987,1984,1986
LINE3988,1985,1986
LINE3989,1988,1989
LINE3990,1990,1991
LINE3991,1991,1992
LINE3992,1992,1993
LINE3993,1992,1994
LINE3994,1994,1995
LINE3995,1995,1996
LINE3996,1995,1997
LINE3997,1996,1997
LINE3998,1997,1998
LINE3999,1998,1999