0,-0.629202663898,0.162724152207
1,-0.618939638138,-0.103601634502
2,-0.414729446173,0.357217729092
3,-0.484017342329,0.116267375648
4,0.0127164684236,0.390662968159
5,0.39168331027,0.151458248496
6,-0.446791052818,0.0481204614043
7,0.406651228666,-0.254883050919
8,0.326110363007,0.256767183542
9,0.737283468246,-0.260720938444
10,0.547106325626,-0.162668228149
11,0.758192718029,-0.116333372891
12,0.455881208181,-0.419030845165
13,0.515247821808,-0.363362044096
14,0.23675866425,-0.326939582825
15,0.403044998646,-0.528568804264
16,-0.029048262164,-0.422585785389
17,-0.186725229025,-0.229394480586
18,-0.129108175635,-0.244798615575
19,-0.183945283294,-0.200709491968
20,0.113667279482,-0.187636002898
21,-0.260315656662,-0.105412207544
22,-0.237027987838,-0.654032230377
23,-0.380440086126,-0.368598937988
24,-0.327562272549,-0.49115139246
25,-0.240531548858,-0.154042318463
26,0.257772088051,-0.503682851791
27,-0.0518188513815,-0.446947455406
28,0.201388955116,-0.617722809315
29,-0.0769336819649,-0.241232097149
30,-0.3105648458,-0.0154628651217
31,-0.0483774356544,-0.0636399164796
32,0.0885539501905,0.299768179655
33,0.202510267496,0.029789628461
34,-0.188005924225,0.176729589701
35,-0.293774902821,0.169740661979
36,-0.146071061492,0.409432083368
37,0.479340434074,0.195779472589
38,0.177650362253,0.431665241718
39,0.329469770193,0.318600416183
40,0.0375009290874,0.435338675976
41,-0.116529561579,0.298314332962
42,-0.0932244807482,0.00268759112805
43,0.0315564721823,0.281479179859
44,0.145662263036,0.128621637821
45,0.341908037663,0.27139762044
46,0.451929748058,0.377890139818
47,0.429352611303,0.407688677311
48,0.487123191357,0.411061793566
49,0.260612338781,0.544944822788
50,-0.227734744549,0.692127525806
51,-0.0846015512943,0.419774144888
52,-0.308267205954,0.240236848593
53,-0.663579940796,0.00546499947086
54,-0.529867291451,0.185417994857
55,-0.328857034445,0.0367247536778
56,-0.0587671734393,0.262511432171
57,-0.0491484962404,0.267433732748
58,0.835127830505,0.00326172751375
59,-0.388205468655,-0.272182404995
60,-0.076340995729,-0.043501008302
61,-0.0924139618874,-0.504468798637
62,-0.331425487995,-0.041595119983
63,-0.14085945487,0.111016839743
64,-0.315611988306,0.232047021389
65,-0.332348138094,-0.00293516041711
66,-0.0770978331566,0.275407403708
67,-0.152676895261,0.0104658929631
68,-0.247566998005,0.660754680634
69,-0.13315962255,0.357587754726
70,0.190951451659,-0.242161333561
71,0.0169989913702,0.0886771008372
72,0.169477343559,0.139350399375
73,-0.696018457413,-0.112771056592
74,-0.483753442764,-0.12482367456
75,-0.38087156415,-0.179599046707
76,-0.25551238656,-0.415505468845
77,-0.0193788092583,-0.105070576072
78,0.488595575094,-0.696220338345
79,0.0352901890874,-0.228882923722
80,0.188066706061,-0.663613498211
81,0.129575967789,0.153728634119
82,0.429693281651,-0.116182662547
83,-0.352955818176,-0.436453610659
84,0.626397609711,0.202867984772
85,0.473256140947,0.2477992028
86,0.4472476542,0.438249051571
87,0.422262072563,0.473666965961
88,0.314880877733,0.328644663095
89,0.11231213063,0.367562443018
90,-0.375376731157,0.187109559774
91,0.119940154254,0.516842663288
92,-0.530262887478,0.0890325605869
93,-0.368744045496,0.0792154222727
94,-0.499840766191,-0.0900684073567
95,-0.309300273657,-0.370471477509
96,-0.352688521147,-0.297747164965
97,-0.435599803925,-0.585361003876
98,-0.461067229509,0.569899976254
99,-0.411736220121,-0.463707149029
100,-0.546099424362,0.383878976107
101,-0.472929626703,0.024583639577
102,-0.405665963888,0.662568092346
103,-0.132145047188,0.690892517567
104,-0.117841176689,0.716747522354
105,0.101816356182,0.483753442764
106,0.0731696262956,0.241263017058
107,0.674158394337,-0.343388617039
108,0.754761397839,0.0799769461155
109,0.600474119186,-0.125477403402
110,-0.790333807468,0.127366885543
111,-0.322952151299,0.663485825062
112,-0.404094785452,0.31520229578
113,0.00407434487715,0.141963019967
114,-0.133227944374,0.161696434021
115,0.0928132385015,0.0718037635088
116,-0.185136079788,0.20357401669
117,-0.159762576222,0.12717308104
118,-0.415584087372,0.406153649092
119,-0.297430455685,0.351367413998
120,-0.385059028864,0.130599334836
121,0.111170843244,0.526553034782
122,0.193049266934,-0.300582289696
123,0.263910055161,0.186143293977
124,0.0854693800211,-0.243474513292
125,-0.0577386617661,-0.323186457157
126,-0.0979072004557,-0.423803299665
127,0.0986324846745,-0.473346233368
128,-0.0511369891465,-0.485562950373
129,-0.402210652828,-0.247315898538
130,-0.0625745281577,0.549535870552
131,-0.0541441626847,0.227854534984
132,-0.666315674782,-0.0782563388348
133,0.305755883455,0.243127882481
134,-0.39758515358,0.168635204434
135,-0.0395027287304,0.170556113124
136,-0.296954005957,-0.0522781424224
137,-0.0410702452064,-0.460043340921
138,-0.0910127982497,-0.619016170502
139,0.0664771124721,-0.585089147091
140,-0.0276276655495,-0.831959605217
141,-0.232076182961,-0.491318047047
142,0.0260886289179,-0.653373420238
143,0.113956280053,-0.566020131111
144,0.134383156896,-0.488304406404
145,-0.236246347427,0.0818345472217
146,-0.182127431035,-0.289524912834
147,0.499567598104,0.017721420154
148,-0.335772514343,-0.0787654966116
149,-0.415361613035,0.0686961784959
150,-0.650704145432,-0.041065171361
151,-0.775649726391,0.188446044922
152,-0.0144987264648,0.508669018745
153,-0.535675942898,0.304235965014
154,-0.251495271921,0.394119262695
155,-0.416555911303,0.16465292871
156,0.627360522747,0.351313441992
157,0.291747003794,0.156024336815
158,0.497192084789,0.39348834753
159,0.194006636739,0.290056437254
160,0.0961718857288,0.417222261429
161,0.0380409471691,-0.0287639908493
162,-0.0683830305934,0.170169532299
163,0.152820125222,-0.0137829724699
164,0.393237352371,-0.306747287512
165,0.238385334611,-0.00338875316083
166,-0.459195524454,0.214387834072
167,-0.198798134923,-0.00102001742925
168,-0.313353180885,0.207436934114
169,0.0382244326174,0.197068825364
170,0.0584349781275,-0.0330250672996
171,-0.127126783133,0.117497749627
172,-0.498821735382,-0.0109745496884
173,-0.232478052378,0.121295779943
174,0.178994506598,0.517405390739
175,0.165186211467,0.385154813528
176,0.106715902686,0.250164866447
177,0.212450936437,-0.00274695223197
178,-0.827602565289,-0.145816609263
179,0.165345743299,-0.117025844753
180,0.145566552877,-0.165550336242
181,0.0279489103705,-0.409590572119
182,0.409267246723,-0.0708044916391
183,0.299374073744,-0.307535380125
184,0.171207681298,-0.206055313349
185,-0.0155884409323,-0.340662032366
186,0.22538484633,0.416191846132
187,-0.0939819067717,0.391000568867
188,-0.314521312714,0.0892665311694
189,-0.00580004137009,0.118186861277
190,0.143886461854,-0.0369050651789
191,0.331410855055,0.172665417194
192,0.325528711081,-0.106499314308
193,0.245956704021,0.238874942064
194,0.0698365792632,-0.362394332886
195,-0.606015384197,-0.137150734663
196,-0.242489933968,-0.181035324931
197,-0.482932299376,-0.0864171311259
198,-0.104066364467,0.194943964481
199,-0.46054661274,0.308068424463
200,-0.134593769908,0.451428025961
201,0.621461570263,0.472947716713
202,0.300677746534,0.455866098404
203,0.531143903732,0.32232606411
204,0.428958535194,0.106122687459
205,0.485356509686,0.298008590937
206,0.638627529144,-0.120900064707
207,0.808872878551,-0.0604158379138
208,0.413188606501,0.0838036388159
209,0.476021885872,0.0103572867811
210,0.0723469257355,0.284662872553
211,-0.40151438117,0.371979445219
212,0.370369940996,0.548291385174
213,-0.640170693398,0.511366605759
214,-0.514376521111,0.225763842463
215,-0.61307656765,-0.318997979164
216,-0.598488926888,-0.0287633184344
217,-0.555112600327,-0.251396536827
218,-0.250099301338,-0.238030254841
219,0.285951286554,-0.148351445794
220,0.132401585579,-0.260027468204
221,-0.278129935265,0.289942830801
222,-0.160457327962,0.0873459130526
223,-0.434872865677,0.0343976989388
224,0.193709179759,0.201601237059
225,-0.0269346740097,-0.646579086781
226,0.0620731562376,-0.175159230828
227,-0.248376920819,-0.315373122692
228,-0.102978006005,-0.332369446754
229,-0.336506307125,-0.122527711093
230,-0.297151654959,0.149933159351
231,-0.201883465052,-0.297489434481
232,-0.678925573826,0.0647218972445
233,-0.530621886253,0.191368177533
234,-0.486774593592,-0.147172570229
235,-0.718660950661,-0.362944096327
236,-0.498920321465,-0.330476850271
237,-0.30273899436,-0.169650092721
238,0.305605918169,0.124045334756
239,0.0568001791835,0.347579628229
240,0.260747313499,0.431859463453
241,-0.203756868839,0.432125419378
242,0.0235314927995,0.420252531767
243,0.190545752645,0.83310842514
244,0.162532687187,0.627151489258
245,0.0669179931283,0.305501133204
246,-0.178137868643,0.0794827491045
247,-0.0657059550285,-0.00754927843809
248,0.0300849229097,0.0272748973221
249,0.155715361238,0.459623664618
250,0.0231248363853,0.656563818455
251,0.0291423276067,0.472492098808
252,-0.124156035483,0.297551602125
253,0.119508296251,0.324746906757
254,-0.0507684051991,0.154688581824
255,-0.842461943626,-0.225427120924
256,0.389263689518,-0.330146342516
257,0.341540187597,-0.473646521568
258,0.131631314754,0.0025462389458
259,0.439232826233,0.168321534991
260,0.200079023838,0.397533655167
261,0.223655417562,0.229530751705
262,-0.0353805013001,0.0812997445464
263,-0.158891960979,-0.264437109232
264,-0.182923659682,-0.216013714671
265,-0.391729652882,-0.0645786821842
266,-0.442718178034,-0.0955040305853
267,-0.223429828882,0.247287407517
268,0.304044932127,0.0583697296679
269,0.0419267304242,-0.0541784837842
270,0.0831076875329,0.599119246006
271,0.22607204318,0.638677179813
272,0.224006205797,0.247706368566
273,0.507939636707,0.508163034916
274,0.449519097805,0.27769523859
275,0.692629098892,0.355444312096
276,0.674446821213,0.11525811255
277,0.515021204948,-0.240869000554
278,0.490857601166,0.144818246365
279,0.147293418646,-0.349939286709
280,0.10705833137,0.0509823411703
281,-0.0702115297318,0.184955298901
282,-0.11396060884,-0.213356480002
283,-0.360998243093,-0.467195302248
284,-0.327862590551,-0.561107397079
285,-0.29294475913,-0.272676050663
286,-0.375912338495,-0.191459700465
287,-0.0674269795418,-0.398661494255
288,0.214726552367,-0.0508453920484
289,0.552653372288,-0.582129716873
290,0.401646614075,-0.389455169439
291,0.258793920279,-0.604839861393
292,0.130861714482,-0.44239962101
293,-0.119602590799,-0.0888596624136
294,0.0579531528056,-0.0612435564399
295,0.0763760283589,-0.448693156242
296,0.223709613085,-0.697967350483
297,0.153130307794,-0.770236194134
298,0.110258080065,-0.612761437893
299,-0.130632266402,-0.68896228075
300,-0.0639674663544,-0.68505948782
301,-0.00772795686498,-0.564523816109
302,0.117082715034,-0.456590175629
303,-0.11301176995,-0.810110390186
304,-0.11464766413,-0.585411250591
305,0.0426851585507,-0.259667783976
306,-0.219758823514,-0.339281618595
307,0.0878387913108,0.0844908133149
308,-0.588821172714,0.243910357356
309,-0.014725362882,0.262941420078
310,-0.735639870167,0.11751960963
311,0.0340147763491,-0.558290064335
312,-0.585998237133,-0.1668818295
313,-0.132409080863,-0.278041094542
314,-0.321633428335,-0.0641883015633
315,-0.262175887823,-0.178597554564
316,-0.0892519950867,0.0925894677639
317,-0.0149241387844,0.0465601012111
318,0.082452237606,-0.258327037096
319,-0.137736558914,-0.290068626404
320,-0.0730440169573,-0.434018284082
321,-0.0226920675486,-0.527646481991
322,-0.014181449078,-0.463120549917
323,-0.235224887729,-0.418896824121
324,-0.267511934042,-0.00196432787925
325,-0.111842617393,-0.278386950493
326,-0.116017833352,-0.0619800798595
327,-0.0408774763346,-0.0763035342097
328,0.839098513126,0.578791677952
329,0.652810931206,0.45615953207
330,0.63850402832,0.570330142975
331,0.543790578842,0.306586951017
332,0.477485507727,0.108198136091
333,0.489409118891,0.506967186928
334,0.516266584396,0.357091516256
335,0.223672568798,0.484867781401
336,-0.345274567604,0.627949416637
337,-0.0695079937577,0.50402867794
338,-0.190388441086,0.48093315959
339,0.0984889492393,0.25486600399
340,-0.121573902667,0.221629306674
341,0.0891525894403,-0.127959936857
342,0.406695097685,-0.128472864628
343,0.253337413073,0.0833609104156
344,0.547051846981,-0.264385282993
345,0.184047415853,-0.480577230453
346,0.35979616642,0.265256226063
347,0.186919569969,-0.346801459789
348,0.309952706099,-0.0503290072083
349,0.210710689425,-0.229373604059
350,-0.27541834116,-0.109254978597
351,-0.614919781685,-0.153638035059
352,-0.548316121101,-0.411194592714
353,-0.755084335804,-0.28188470006
354,-0.625012218952,-0.0536434650421
355,-0.437935829163,0.191057920456
356,-0.130378291011,-0.0691556036472
357,-0.0711522996426,-0.757281422615
358,-0.115889020264,-0.499654322863
359,-0.303616434336,-0.611824393272
360,0.091786980629,-0.36677339673
361,-0.443525642157,-0.260746866465
362,-0.297372549772,-0.194520577788
363,-0.487051665783,-0.042820122093
364,-0.0861837789416,-0.356066167355
365,-0.470128387213,0.275658905506
366,-0.151020884514,-0.0327552072704
367,-0.157792359591,0.527878046036
368,-0.0909665301442,0.285554558039
369,0.196793407202,0.535971999168
370,0.106200248003,0.462836623192
371,0.106112889946,0.311293631792
372,0.156566932797,-0.0345885902643
373,-0.11974016577,0.0604884922504
374,-0.296779066324,0.183047473431
375,0.466435581446,0.114000618458
376,-0.119341999292,-0.241337016225
377,-0.283927947283,0.0452319867909
378,-0.236674040556,-0.302154690027
379,0.174623116851,-0.0557914488018
380,-0.106439210474,0.102752164006
381,0.294066548347,0.0295177865773
382,0.287666171789,0.256984114647
383,-0.541155695915,0.527731657028
384,-0.700693786144,0.317502528429
385,0.0212890915573,0.355841249228
386,-0.500627458096,0.575525462627
387,-0.397679805756,0.21196860075
388,-0.450855970383,-0.182345822453
389,-0.682483375072,0.294882267714
390,-0.620200395584,-0.034407030791
391,-0.530643701553,0.116932533681
392,0.381585508585,0.33015871048
393,-0.0638961270452,0.211510494351
394,0.363465309143,-0.0754830688238
395,0.266334414482,-0.0268458668143
396,0.393296211958,-0.157333478332
397,0.317053765059,0.238159745932
398,0.0252714157104,0.584803700447
399,0.266134887934,0.576922893524
400,-0.0887080878019,0.591025233269
401,-0.0677238628268,0.46335491538
402,-0.0229932423681,0.355897188187
403,0.326379477978,0.0919055044651
404,0.453309267759,-0.15761514008
405,0.479235768318,-0.491193175316
406,0.670225262642,-0.254738509655
407,0.481295436621,-0.316462725401
408,0.419912576675,-0.0813798829913
409,0.243393853307,-0.267386585474
410,0.539113223553,-0.0905781760812
411,0.285629570484,0.106465272605
412,0.341821551323,0.198878750205
413,0.357821792364,0.239453613758
414,0.132355734706,0.431896924973
415,0.17869861424,0.164630711079
416,0.0041018044576,0.325028628111
417,-0.24818380177,0.248007908463
418,0.0780142992735,0.387496650219
419,0.283017843962,0.543232858181
420,0.221279472113,0.17493955791
421,0.382772535086,0.300587117672
422,0.285162836313,0.303362935781
423,0.335752725601,0.342365413904
424,0.0567876398563,0.0905446112156
425,0.0539796277881,0.186472713947
426,0.0237566567957,-0.0296802241355
427,0.661342859268,-0.190389856696
428,0.300705224276,-0.32674062252
429,0.603833496571,0.128145888448
430,0.524060606956,-0.0103225782514
431,0.799387395382,0.0524358339608
432,0.656549394131,0.0858257785439
433,0.736538887024,0.256881028414
434,0.288951456547,0.27795162797
435,0.592863678932,0.253303706646
436,0.252768814564,0.283058226109
437,0.570092260838,0.295459032059
438,0.480750054121,0.0498625896871
439,0.309306561947,-0.185342311859
440,0.481906741858,-0.123638086021
441,0.56179869175,-0.316197246313
442,0.418938040733,-0.365332603455
443,0.548577845097,-0.0469904951751
444,0.208519861102,-0.1031511724
445,0.300871908665,0.118645660579
446,0.257044583559,0.322329878807
447,0.102343402803,0.361359268427
448,0.0734128281474,0.10697939992
449,0.0368441641331,-0.000520079571288
450,-0.0595606304705,-0.237067773938
451,0.0949753448367,-0.0515504032373
452,-0.58711630106,0.147289514542
453,0.75359994173,-0.30033993721
454,-0.65020853281,0.370359688997
455,-0.714764297009,0.21651096642
456,-0.586380422115,0.377988666296
457,-0.505875051022,0.39522626996
458,-0.558977901936,0.136118248105
459,-0.433984786272,0.114948540926
460,-0.495956301689,-0.188110545278
461,0.596733808517,0.193179890513
462,-0.672188639641,-0.411916941404
463,0.370341926813,-0.0437105745077
464,-0.438064515591,-0.244052916765
465,-0.260482132435,-0.467765301466
466,-0.295222371817,0.298071295023
467,0.338632494211,0.484875231981
468,0.0527559220791,-0.0942124426365
469,-0.552707076073,0.291082531214
470,0.207004457712,0.099145963788
471,-0.254443347454,0.138625502586
472,-0.232287958264,-0.0261254627258
473,-0.357802301645,-0.0493727885187
474,-0.172770410776,-0.258640259504
475,-0.121692970395,-0.00834735296667
476,0.0871688127518,-0.309594959021
477,-0.216117411852,-0.0610429383814
478,0.107723757625,-0.531084418297
479,-0.125762447715,-0.604414284229
480,-0.233827829361,-0.706406533718
481,0.394180029631,-0.834754765034
482,0.154623270035,-0.725293576717
483,0.886135518551,-0.238097980618
484,0.369594424963,-0.596113324165
485,0.62275904417,-0.367738097906
486,0.637449085712,-0.395955681801
487,0.713552176952,-0.22215783596
488,0.354653954506,-0.238887369633
489,0.600766301155,-0.586895942688
490,0.504229366779,-0.322114408016
491,0.32695043087,-0.485080987215
492,-0.0557587221265,-0.374763578176
493,0.186761841178,-0.317146837711
494,0.400877028704,-0.52538895607
495,0.431620061398,-0.689805209637
496,0.277210712433,-0.72870606184
497,0.455144733191,-0.553011357784
498,0.403982400894,-0.288054406643
499,0.513673782349,-0.106162428856
500,0.0183971859515,-0.177333012223
501,0.341722786427,-0.20869974792
502,0.32719296217,-0.0467629507184
503,0.522333502769,-0.278887182474
504,0.228475093842,-0.0391717888415
505,0.340255856514,-0.313679933548
506,0.600437581539,-0.38662275672
507,0.461885988712,-0.0931009501219
508,0.342939943075,0.222032427788
509,-0.00369584583677,0.179965212941
510,-0.404070317745,0.332621186972
511,-0.0813728868961,0.0640954896808
512,-0.420525699854,0.485898345709
513,-0.22142162919,0.275514572859
514,-0.212558731437,0.184437707067
515,0.173335060477,0.25892329216
516,0.0434925891459,-0.218624591827
517,0.0394155867398,0.484042346478
518,-0.158758684993,0.709774851799
519,-0.371620088816,0.551170825958
520,-0.0219224262983,0.513277828693
521,-0.728072762489,-0.4659691751
522,-0.820666134357,0.0945271477103
523,-0.794522881508,-0.206844717264
524,-0.811740159988,-0.179349988699
525,-0.688993155956,-0.376993298531
526,-0.504663586617,-0.215183913708
527,-0.127898544073,-0.322139829397
528,-0.147917687893,-0.182749703526
529,-0.292188614607,0.056413449347
530,0.228021427989,-0.299518287182
531,0.43049788475,-0.226546734571
532,0.318096786737,-0.577369749546
533,0.403443813324,-0.23104262352
534,0.381018459797,0.221257343888
535,-0.673184454441,-0.681743681431
536,-0.555789113045,-0.651008546352
537,-0.50009894371,-0.804187774658
538,-0.309489101171,-0.313028454781
539,0.0662342831492,0.0614643096924
540,0.145874783397,-0.327570915222
541,-0.0833120644093,-0.402304947376
542,0.180668622255,-0.553670823574
543,0.238104611635,-0.33987352252
544,0.559883654118,-0.282735496759
545,0.463831484318,0.0172001291066
546,0.498969942331,-0.349775820971
547,0.0243585444987,-0.0579361282289
548,0.0748215019703,0.754627943039
549,0.176452681422,-0.0700932815671
550,-0.273375451565,-0.476924747229
551,0.0288887806237,-0.444033503532
552,0.218389213085,-0.109031647444
553,0.698141038418,0.00300614302978
554,0.267217040062,-0.566256463528
555,0.440579801798,-0.19432900846
556,0.38548386097,-0.319522410631
557,0.438127160072,-0.0642440542579
558,0.19246301055,0.213520765305
559,0.274855047464,-0.114723145962
560,-0.23997092247,0.0730024278164
561,-0.350685894489,-0.147465184331
562,-0.521996021271,-0.314026892185
563,-0.382217109203,-0.0302759278566
564,0.348462700844,0.690382838249
565,-0.107125237584,0.144736304879
566,-0.0874465405941,0.149488225579
567,-0.157919049263,-0.0581797286868
568,-0.127486556768,-0.145085602999
569,-0.342513114214,-0.365270286798
570,-0.288026958704,-0.209811210632
571,0.306749373674,0.480912059546
572,0.368335902691,0.663919329643
573,0.712427377701,0.765093445778
574,0.451386541128,0.632962703705
575,0.630899250507,0.598613798618
576,0.601824641228,0.35280674696
577,0.49462428689,0.404959946871
578,0.515240907669,-0.6903039217
579,-1.0,0.0251343417913
580,0.651650607586,-0.477353990078
581,-0.849862158298,-0.0741326957941
582,-0.503941297531,-0.0366544686258
583,0.638496339321,0.261338889599
584,-0.3347453475,0.381419926882
585,-0.00714042270556,0.325905829668
586,-0.171794623137,0.476798504591
587,-0.227588057518,0.134803637862
588,-0.232759594917,0.107855558395
589,-0.182148128748,0.41721573472
590,-0.155494168401,0.387087017298
591,-0.398302346468,0.385666966438
592,0.232249483466,-0.559200465679
593,-0.0416020005941,-0.27149438858
594,0.368177860975,-0.467269092798
595,-0.297304153442,-0.416480362415
596,0.439725607634,-0.204129979014
597,0.0886804163456,-0.68212211132
598,-0.109214216471,-0.481930971146
599,-0.176921933889,-0.57932215929
600,-0.342597723007,-0.373426377773
601,0.151368021965,-0.506485939026
602,0.253340780735,-0.651992559433
603,-0.223254680634,-0.583220660686
604,-0.404778599739,-0.637096166611
605,-0.101942181587,-0.710617780685
606,-0.198802635074,-0.46349850297
607,0.00605398789048,-0.416014701128
608,-0.529410123825,-0.0451654195786
609,-0.643924891949,0.0211690384895
610,-0.273313581944,0.166793957353
611,-0.67344468832,-0.0579046085477
612,-0.629166185856,0.065805003047
613,-0.343581557274,-0.520075380802
614,0.476600199938,-0.2937502563
615,-0.0341675952077,-0.353210449219
616,0.524365842342,-0.179106831551
617,0.27763324976,-0.33656540513
618,0.149868801236,-0.3131698668
619,0.241053625941,-0.107771493495
620,0.283713936806,-0.570223391056
621,0.195390507579,-0.566756546497
622,0.21433159709,-0.546560287476
623,0.27572453022,-0.558005154133
624,0.0528645217419,-0.840443909168
625,0.240561574697,-0.460849583149
626,0.136940702796,-0.472113728523
627,-0.0213537681848,-0.236006513238
628,-0.123893976212,0.0724884420633
629,-0.423118948936,0.835744082928
630,-0.146620735526,0.394424170256
631,-0.282477796078,0.618172943592
632,-0.387092798948,0.448168933392
633,-0.37750300765,0.269176155329
634,-0.550834655762,-0.0777045860887
635,-0.631303548813,-0.615661621094
636,-0.530282378197,0.0210226308554
637,-0.113420903683,-0.419838488102
638,0.56751447916,-0.227156832814
639,-0.530487120152,-0.280943781137
640,-0.28467592597,-0.333973556757
641,-0.72361600399,0.020223967731
642,0.119745530188,0.0616736002266
643,-0.0509399026632,0.638560891151
644,-0.14693056047,0.670426905155
645,0.0241648573428,0.438915103674
646,0.0170775689185,0.280465334654
647,0.240144848824,0.400055915117
648,0.28854238987,0.338247597218
649,-0.00669639883563,0.987321734428
650,-0.124347142875,0.915490329266
651,-0.248979225755,0.829134762287
652,-0.188011690974,0.576168894768
653,-0.341126799583,0.498682528734
654,-0.311509609222,0.0817857533693
655,-0.0371539741755,-0.534991919994
656,0.0304841306061,-0.348186790943
657,-0.0761968493462,-0.020524462685
658,0.274637848139,-0.151521846652
659,-0.0956080108881,-0.124846957624
660,-0.101175382733,-0.379289537668
661,0.402541577816,-0.182983443141
662,0.501341044903,-0.0621161907911
663,0.0879922360182,0.0435748845339
664,0.353944391012,-0.174920395017
665,0.228313073516,-0.0937952920794
666,-0.259959489107,0.253155589104
667,0.0473715551198,-0.250895142555
668,-0.00910096429288,0.170554235578
669,-0.238151356578,0.18884536624
670,-0.63769364357,0.110279120505
671,-0.720850288868,0.059700679034
672,-0.435427010059,0.103295743465
673,-0.204889386892,0.219247251749
674,-0.070251584053,0.365982681513
675,-0.458228468895,-0.437790900469
676,-0.329977631569,-0.187855988741
677,0.280055224895,-0.764520645142
678,-0.134486079216,-0.191450849175
679,-0.0218253694475,-0.188396394253
680,0.285517185926,-0.43312484026
681,-0.385695934296,-0.137909889221
682,0.00906514655799,-0.651209354401
683,-0.156296670437,-0.741257369518
684,-0.0750457718968,-0.851008892059
685,-0.0777407065034,-0.966376721859
686,-0.137739956379,-0.877450048923
687,0.0274975411594,-0.774618208408
688,-0.268662959337,-0.664864718914
689,-0.128421440721,-0.477509319782
690,-0.253576666117,-0.433583647013
691,0.0467794127762,-0.188278049231
692,0.289567410946,-0.380602687597
693,0.140180036426,-0.270607173443
694,0.388007611036,-0.252656430006
695,-0.25004863739,-0.0852092728019
696,-0.154275998473,-0.485432058573
697,-0.00781161291525,-0.433123856783
698,-0.110770717263,-0.410126596689
699,0.258501797915,-0.375878632069
700,0.30021879077,-0.280916124582
701,0.603428184986,-0.209737554193
702,0.327553331852,-0.375569939613
703,0.474434882402,-0.404173076153
704,0.205603197217,-0.263968557119
705,0.0549726076424,-0.0823721066117
706,-0.152233570814,-0.393968373537
707,-0.490599423647,-0.120702236891
708,-0.238747105002,0.48781889677
709,-0.591348767281,0.183461248875
710,-0.387799978256,0.218820512295
711,0.639253556728,-0.662863790989
712,0.695876121521,-0.390542268753
713,0.334753662348,-0.523227214813
714,0.585025429726,-0.056462675333
715,0.0312739834189,-0.267241686583
716,0.570836424828,0.387622535229
717,-0.616674780846,-0.291946560144
718,-0.726274907589,-0.366622835398
719,-0.603143692017,-0.570733189583
720,-0.534648180008,-0.576913833618
721,-0.256228655577,-0.582937777042
722,-0.245335891843,-0.509465098381
723,0.138119757175,-0.419801354408
724,0.0908386707306,-0.339747369289
725,0.43585768342,-0.0791166871786
726,0.329537153244,-0.514912843704
727,0.00911858119071,-0.496021300554
728,-0.0969266369939,-0.178009927273
729,-0.0862230062485,-0.180227592587
730,0.12986548245,-0.0500651933253
731,0.0739564746618,-0.240175157785
732,0.73697000742,-0.1339161098
733,0.540916860104,-0.282272994518
734,0.558277308941,0.143147498369
735,0.543484687805,-0.0548596382141
736,0.698945403099,0.0981798321009
737,0.359315514565,0.0775579363108
738,0.592796742916,0.233565792441
739,0.313890993595,0.307961136103
740,0.301822811365,0.384799838066
741,0.449508279562,0.466871529818
742,0.198554858565,0.220001429319
743,0.0494547896087,-0.125287458301
744,0.603348195553,-0.156388148665
745,0.219274699688,-0.0682119652629
746,-0.534692585468,0.337315887213
747,-0.327861517668,-0.401840984821
748,-0.679095685482,0.00960528384894
749,-0.52843272686,-0.330871015787
750,-0.686899006367,0.243952199817
751,-0.49607655406,0.0365320518613
752,-0.47520083189,0.107903137803
753,-0.273515224457,0.276878863573
754,-0.166438952088,-0.211525112391
755,-0.00659840134904,-0.0221871566027
756,0.116029076278,0.149745643139
757,0.125882640481,-0.183850809932
758,-0.156605020165,0.274679511786
759,-0.274691462517,0.444295704365
760,-0.188910663128,0.141144707799
761,-0.601624071598,-0.38381499052
762,-0.311116337776,-0.248489096761
763,-0.43213647604,-0.200837865472
764,0.0221058111638,-0.16188596189
765,-0.150962591171,-0.406136572361
766,-0.625089228153,-0.313659697771
767,-0.28808042407,-0.0973898470402
768,-0.60431843996,-0.228911533952
769,-0.0963110923767,0.314273685217
770,-0.387942075729,-0.317999720573
771,-0.393550366163,0.0281437356025
772,-0.506460785866,-0.316129624844
773,-0.807950496674,-0.27154943347
774,-0.404174596071,-0.150908485055
775,-0.697637617588,-0.206285759807
776,-0.679677665234,-0.213465735316
777,-0.296899348497,-0.148302584887
778,-0.416407734156,-0.372937589884
779,0.19879488647,0.147418215871
780,0.389924645424,0.311456561089
781,0.402444541454,0.392543286085
782,0.19831892848,0.47741535306
783,0.398801445961,0.184967443347
784,0.148356318474,0.0889728367329
785,0.113720856607,0.249100327492
786,-0.216597303748,0.0658449679613
787,-0.544534444809,0.166615560651
788,-0.155284285545,0.257189780474
789,-0.366668373346,-0.174657672644
790,-0.232592016459,-0.40573617816
791,0.0627779364586,-0.512755334377
792,0.651882410049,0.0699345767498
793,0.544547319412,-0.14888112247
794,0.730786263943,0.0144519871101
795,0.520071744919,-0.126546382904
796,0.706014037132,0.038946416229
797,0.602663218975,-0.313968330622
798,0.224529877305,0.42933383584
799,0.196065738797,0.649904966354
800,0.25894382596,0.501578807831
801,-0.0107325492427,0.34539437294
802,0.372763335705,0.24440446496
803,-0.6359821558,-0.58957272768
804,0.176462635398,-0.0177294015884
805,-0.434577673674,-0.812026083469
806,-0.869256973267,-0.181823059916
807,-0.629646539688,-0.250271946192
808,-0.409967601299,-0.259580940008
809,-0.533608019352,-0.174548283219
810,-0.330397546291,-0.152183175087
811,-0.591806292534,-0.540932476521
812,-0.49842196703,-0.691518187523
813,-0.518410265446,-0.623645484447
814,-0.38183760643,-0.62552523613
815,-0.291422754526,-0.523903846741
816,-0.254679620266,-0.442094326019
817,-0.386071056128,-0.500261187553
818,0.00714819785208,-0.575337767601
819,-0.543277978897,-0.178870797157
820,-0.657019793987,0.0291255787015
821,-0.450626552105,0.0954499393702
822,-0.124609664083,0.12966324389
823,-0.277610987425,0.259860575199
824,0.666872859001,-0.581394910812
825,0.725121676922,-0.193919956684
826,0.597035169601,0.10212790221
827,0.336690664291,0.254343628883
828,0.250740498304,0.151712790132
829,0.165104135871,0.0613873489201
830,0.306863874197,-0.0761033445597
831,0.0785107910633,0.149384632707
832,-0.251809120178,0.347088694572
833,-0.249131664634,0.17177028954
834,-0.449127465487,0.178474023938
835,-0.447962731123,0.268431067467
836,0.265373468399,0.156276285648
837,0.432659506798,-0.623986959457
838,0.526206851006,-0.77341479063
839,0.32329621911,-0.621800780296
840,0.366334497929,-0.554845333099
841,0.276716947556,-0.0674667656422
842,0.112475283444,-0.200735539198
843,0.179251462221,-0.379308402538
844,0.00843807216734,-0.553086102009
845,0.0149820800871,-0.635016739368
846,0.496482729912,-0.554714977741
847,0.204106807709,-0.472317904234
848,0.287331283092,-0.407642990351
849,-0.138244956732,-0.509571015835
850,-0.247085019946,-0.752851426601
851,-0.013458029367,-0.734702169895
852,0.147910535336,-0.409474730492
853,-0.26781514287,-0.289612799883
854,0.366921901703,-0.275035411119
855,0.126441076398,-0.159614101052
856,-0.00496212206781,-0.239278465509
857,0.208400592208,-0.17728844285
858,0.0886599645019,-0.217644393444
859,-0.371179997921,0.129772216082
860,-0.0654003694654,-0.162207379937
861,-0.50753313303,0.373328745365
862,0.0940986350179,0.93682718277
863,0.40358248353,0.584741294384
864,0.240858256817,0.725539922714
865,0.312249034643,0.392952948809
866,0.198138639331,0.448554962873
867,0.518509924412,0.151082649827
868,-0.0658704861999,-0.0498662702739
869,0.31718096137,0.0953686386347
870,-0.341933995485,0.224434375763
871,0.569847583771,0.106498882174
872,-0.447869300842,0.447767525911
873,0.0613585859537,0.74178147316
874,-0.110615640879,0.569345057011
875,-0.0422353520989,0.432087957859
876,-0.412857562304,0.556384563446
877,-0.395152568817,0.235693097115
878,-0.378732293844,0.319445550442
879,-0.591227293015,-0.0978966355324
880,-0.226763188839,0.0748602226377
881,-0.327888906002,-0.196391284466
882,-0.0303223002702,0.0627688840032
883,0.00231625698507,-0.0920659825206
884,0.10669028759,0.0860642641783
885,-0.0275588817894,-0.0952491313219
886,0.2205311656,-0.420229613781
887,0.381790220737,-0.275853723288
888,-0.0368713587523,-0.130008533597
889,-0.169202908874,0.0573068335652
890,-0.682954072952,0.309071540833
891,-0.368560731411,0.283317834139
892,-0.569226443768,0.017324320972
893,-0.000464559299871,-0.0397474616766
894,-0.379181206226,0.0187505073845
895,0.151715159416,0.767290830612
896,-0.703685998917,-0.136236965656
897,-0.0684316307306,-0.62233376503
898,-0.443424671888,-0.366352379322
899,-0.593463301659,-0.320257425308
900,-0.518451392651,-0.480900794268
901,-0.686986327171,-0.146491497755
902,-0.576490938663,-0.300265312195
903,-0.383902043104,-0.333518087864
904,-0.655043005943,-0.260559916496
905,-0.441441088915,-0.437885254622
906,-0.150890901685,-0.646128773689
907,-0.252822339535,-0.350340604782
908,0.0281139854342,-0.733607172966
909,-0.133206516504,-0.521834135056
910,0.146351233125,-0.645173668861
911,-0.189938664436,-0.504537463188
912,-0.015921426937,0.183061257005
913,-0.694225251675,0.359411805868
914,0.210527062416,-0.216732248664
915,0.3207000494,-0.219454750419
916,0.365886777639,0.382354050875
917,0.427104175091,0.124323166907
918,-0.685413062572,-0.0346611067653
919,-0.288143217564,-0.500798821449
920,-0.0549104325473,-0.00277268979698
921,-0.0467297509313,-0.284946501255
922,0.179998502135,-0.6892837286
923,0.068495221436,-0.417789906263
924,0.382931321859,-0.157004117966
925,0.245249435306,-0.0441354513168
926,0.433955579996,0.2973998487
927,-0.0513126887381,0.111713543534
928,-0.0849807560444,0.48310726881
929,-0.270558893681,0.595899581909
930,0.18327845633,0.322846442461
931,0.0544682666659,0.511889338493
932,0.174241006374,0.491189777851
933,0.126620024443,0.585584282875
934,0.0923878476024,0.124888844788
935,0.14073087275,0.685616135597
936,0.191528975964,0.675249278545
937,0.106051392853,0.612943470478
938,0.118284463882,0.348613619804
939,-0.255365371704,0.533794820309
940,0.0855846330523,-0.0588592551649
941,-0.3235501647,0.380292236805
942,-0.375322401524,0.084615200758
943,-0.146259665489,0.342853158712
944,-0.0627468675375,0.511887848377
945,0.37178042531,0.0133400727063
946,-0.0982913449407,0.571176469326
947,0.151134774089,0.399283617735
948,0.140843093395,0.532280743122
949,-0.0788247585297,0.425197124481
950,0.351418972015,0.507818937302
951,0.633226275444,-0.18409666419
952,0.744372606277,-0.290631324053
953,0.609516143799,-0.0821325555444
954,0.434211730957,-0.46475237608
955,0.0602138973773,-0.439792305231
956,0.144412621856,-0.389784574509
957,0.526723146439,-0.382517457008
958,0.265330672264,-0.170963689685
959,0.410579353571,-0.329497098923
960,0.023200655356,-0.217247053981
961,0.332493275404,-0.181242451072
962,-0.118402920663,0.778692781925
963,-0.276497215033,0.670374333858
964,-0.473269313574,-0.29106760025
965,-0.0635354965925,0.568102300167
966,-0.177692085505,0.805267989635
967,-0.0763287395239,0.628971993923
968,-0.219742715359,0.584839403629
969,-0.0949140116572,0.191870138049
970,-0.323896616697,0.40800306201
971,0.0479919500649,0.19956420362
972,-0.197212338448,0.357260525227
973,-0.235930114985,0.00424334872514
974,-0.401595532894,0.276711642742
975,-0.277351111174,0.0329342707992
976,-0.318137466908,0.0541958957911
977,-0.311266869307,0.095261707902
978,-0.101157180965,-0.215998232365
979,0.243019089103,-0.131794780493
980,0.0658168792725,-0.3495837152
981,0.048985004425,-0.478558242321
982,-0.0868810266256,-0.236805066466
983,0.193140000105,-0.077906191349
984,-0.0172759704292,0.0298024024814
985,0.246686503291,0.0465710870922
986,-0.0238660648465,0.143630981445
987,0.310490429401,-0.00865742657334
988,-0.204038187861,0.378336131573
989,-0.366216748953,0.158502936363
990,-0.0733624473214,0.339960098267
991,-0.460130631924,0.060007147491
992,0.141220137477,0.411156177521
993,-0.258968740702,-0.166882947087
994,0.663608551025,0.218438088894
995,-0.0756682157516,-0.378863722086
996,0.301543593407,0.35167247057
997,0.24718554318,0.424650162458
998,0.00558767654002,0.242294371128
999,0.425862491131,0.228269904852
1000,0.0729857832193,0.55214625597
1001,0.232101544738,0.436631709337
1002,0.360063701868,0.371759980917
1003,0.16052994132,0.43209156394
1004,0.325814127922,-0.0890255123377
1005,0.307161778212,0.264446020126
1006,0.453711181879,-0.275352805853
1007,0.275195986032,-0.0924457088113
1008,0.117944017053,-0.327215045691
1009,0.405328303576,0.709502220154
1010,0.570816516876,0.654961168766
1011,0.230014130473,0.611675858498
1012,-0.15138566494,0.611480653286
1013,-0.372647017241,0.466742902994
1014,-0.196617379785,0.267857164145
1015,0.643679022789,-0.321968257427
1016,0.328499943018,-0.389662832022
1017,0.611465275288,0.0146068865433
1018,0.648991823196,-0.270655184984
1019,0.296331614256,0.845526099205
1020,0.433207333088,0.575267732143
1021,0.0172366593033,0.676377117634
1022,0.126127719879,0.57373124361
1023,-0.287074238062,0.434858500957
1024,-0.104261159897,0.227923199534
1025,-0.485351741314,0.0703895688057
1026,-0.538408339024,0.246885195374
1027,-0.627615690231,0.211884960532
1028,-0.283249408007,0.461333751678
1029,0.0681051686406,0.354442417622
1030,-0.191174671054,0.514061570168
1031,-0.175047919154,0.193071633577
1032,-0.0359017886221,0.378330618143
1033,0.112713739276,-0.130599051714
1034,-0.460461199284,-0.0275211017579
1035,0.202887102962,-0.454604357481
1036,0.354266643524,-0.462357014418
1037,0.308769673109,0.049788467586
1038,0.438994050026,-0.044740460813
1039,0.233000159264,0.274854123592
1040,0.481516540051,-0.242184281349
1041,-0.195726424456,-0.440147459507
1042,-0.578156530857,0.631933569908
1043,-0.0911353677511,-0.641908586025
1044,-0.676221609116,0.362762480974
1045,-0.736135303974,0.153111949563
1046,-0.606191217899,0.0659524798393
1047,-0.797106206417,0.263204425573
1048,-0.623457610607,0.108717121184
1049,-0.318838298321,-0.0783947855234
1050,-0.371589779854,0.237274467945
1051,0.000775201129727,0.0642456486821
1052,0.615061700344,-0.322769641876
1053,0.600301802158,-0.0442166551948
1054,0.488734155893,-0.0833886042237
1055,0.625618696213,0.165801748633
1056,0.210212647915,0.634802758694
1057,-0.011901864782,-0.0141855683178
1058,0.219559371471,-0.094312146306
1059,-0.0412024743855,-0.146007105708
1060,0.368163704872,-0.709714651108
1061,-0.179751336575,-0.409968048334
1062,-0.282679617405,-0.705161452293
1063,0.418051958084,-0.535103917122
1064,0.648380041122,-0.312371850014
1065,0.313529610634,-0.153207316995
1066,0.395498901606,-0.414934337139
1067,0.113915085793,-0.0736674964428
1068,0.409285187721,-0.629243314266
1069,-0.265348434448,0.279624253511
1070,-0.113147839904,0.400597959757
1071,-0.357527971268,0.49100574851
1072,0.346487939358,0.282673507929
1073,0.346222549677,0.452364981174
1074,0.602044641972,0.305751621723
1075,0.48437076807,0.250370949507
1076,0.391854971647,0.103975206614
1077,0.407389193773,-0.0888485759497
1078,0.170193254948,-0.422688245773
1079,-0.174666553736,-0.399148285389
1080,-0.39578512311,0.636649549007
1081,-0.0765469223261,0.599381148815
1082,-0.217502325773,0.471569120884
1083,-0.246120885015,0.609778881073
1084,-0.476904988289,0.561711370945
1085,-0.0454617664218,0.817407369614
1086,-0.102832354605,0.718632817268
1087,0.282675236464,0.526495754719
1088,0.65754032135,0.117520354688
1089,0.534978449345,0.0592606887221
1090,0.747818410397,-0.0720717385411
1091,0.386558592319,-0.406924068928
1092,0.533126890659,-0.535841524601
1093,-0.0288231596351,-0.593177080154
1094,-0.282160490751,0.605196595192
1095,-0.147726967931,0.540273666382
1096,-0.219986513257,0.795171439648
1097,0.0402361415327,0.122435085475
1098,-0.389736503363,0.766963243484
1099,-0.0397212505341,0.0311058629304
1100,-0.139010444283,0.554974913597
1101,0.0123621476814,0.225421518087
1102,0.274831414223,-0.0525444000959
1103,0.601187348366,0.152865290642
1104,-0.343138068914,-0.505517423153
1105,0.877791821957,0.201904922724
1106,0.151883512735,0.852359235287
1107,-0.437658250332,0.647544443607
1108,0.0930350422859,0.580733597279
1109,-0.251204192638,0.621479809284
1110,0.0216703824699,0.537309110165
1111,-0.182984873652,0.68249386549
1112,0.0728469267488,0.666082143784
1113,-0.287221550941,-0.428721815348
1114,-0.266135841608,-0.132477805018
1115,0.0667791962624,0.182131305337
1116,0.197072163224,0.241442799568
1117,0.186210304499,0.375133037567
1118,0.29421043396,0.566691875458
1119,0.732731819153,0.621218085289
1120,0.560741782188,0.469031721354
1121,0.507671236992,0.439652323723
1122,0.50383234024,0.264081597328
1123,0.37805262208,-0.104786716402
1124,0.22693605721,-0.0241270754486
1125,0.400803655386,0.427317738533
1126,0.279264688492,0.228328004479
1127,0.568894445896,0.245456442237
1128,0.134523436427,-0.731007754803
1129,0.533991038799,-0.00309559935704
1130,0.23336969316,-0.36637699604
1131,0.35320904851,-0.365490347147
1132,0.00872795563191,-0.224796459079
1133,0.257595151663,-0.237025588751
1134,0.0767082422972,0.0192068945616
1135,0.0902440622449,-0.100093871355
1136,0.0086960606277,0.297183990479
1137,-0.0290824174881,-0.541546046734
1138,-0.204577147961,-0.64570504427
1139,-0.236306831241,-0.540156900883
1140,-0.215529859066,-0.321953207254
1141,0.0101597290486,-0.332834899426
1142,-0.136730566621,-0.0813880711794
1143,-0.186911180615,-0.0326192677021
1144,-0.23890979588,0.330035686493
1145,0.0941604599357,0.356253057718
1146,0.283845126629,0.366369307041
1147,-0.113797411323,0.260276168585
1148,0.138667434454,-0.594500362873
1149,0.342439204454,-0.257998019457
1150,-0.214506730437,-0.690785825253
1151,-0.356081277132,-0.678705692291
1152,-0.120860755444,-0.547892272472
1153,0.12001324445,-0.238120913506
1154,-0.403411775827,-0.507556915283
1155,-0.191024884582,-0.632462859154
1156,-0.383860498667,-0.441425472498
1157,-0.262542724609,-0.505610108376
1158,-0.497519165277,-0.495384335518
1159,-0.410167366266,-0.307939201593
1160,-0.352191269398,-0.23781555891
1161,-0.0185687802732,0.0731271877885
1162,0.646491289139,0.224412709475
1163,0.649505734444,0.253158479929
1164,0.545424461365,0.217474535108
1165,0.438103079796,0.119296208024
1166,0.162369653583,0.206367269158
1167,0.138340324163,-0.146041065454
1168,-0.216498240829,0.445797890425
1169,0.127605438232,0.610961616039
1170,0.418357104063,0.625907480717
1171,-0.106317639351,0.177378579974
1172,0.220612436533,0.798884451389
1173,-0.388213187456,0.088852532208
1174,-0.673405885696,-0.103144541383
1175,-0.355957567692,-0.488384187222
1176,-0.414331376553,-0.207427799702
1177,-0.396142840385,-0.0131639093161
1178,-0.337741792202,-0.247227087617
1179,-0.18795478344,-0.242480799556
1180,0.16822257638,-0.398531645536
1181,0.345055609941,-0.0273737218231
1182,0.689998269081,-0.499363213778
1183,0.551717221737,-0.386900573969
1184,0.486647635698,-0.369776576757
1185,0.387109071016,-0.445961475372
1186,0.526764273643,0.163196787238
1187,0.148910626769,-0.672724068165
1188,0.278777778149,0.0883918404579
1189,-0.248163342476,-0.679262518883
1190,-0.00245342566632,-0.506749749184
1191,0.0457810051739,0.0957157313824
1192,0.306621849537,-0.0587424859405
1193,0.0679635480046,0.168534949422
1194,-0.357083261013,0.0265398994088
1195,0.281449198723,0.0185238160193
1196,0.38807657361,-0.387155711651
1197,0.812590241432,-0.379002183676
1198,0.601295948029,-0.272415578365
1199,0.621860384941,-0.151742905378
1200,0.480206489563,-0.251979470253
1201,0.413602650166,-0.311031699181
1202,0.378592550755,0.173669219017
1203,0.539813935757,-0.135569453239
1204,0.276735246181,-0.0110384998843
1205,0.179912164807,0.454756826162
1206,0.169786021113,0.0995146930218
1207,-0.123411357403,0.480402439833
1208,0.338054507971,-0.0100036989897
1209,0.427230983973,-0.263687640429
1210,-0.587770283222,-0.40611487627
1211,-0.707035839558,-0.0901401266456
1212,-0.603885114193,0.47481149435
1213,-0.608752310276,0.255673527718
1214,-0.22845390439,0.293156266212
1215,-0.412848502398,0.447281956673
1216,-0.484947353601,0.128434091806
1217,-0.116851702332,0.537689328194
1218,-0.361807376146,0.45675432682
1219,0.0527881011367,0.0718494281173
1220,0.267759174109,0.336881101131
1221,-0.299248933792,-0.576890826225
1222,-0.228950515389,-0.368040323257
1223,-0.270537674427,-0.195709899068
1224,-0.290675103664,-0.525425672531
1225,-0.40146997571,0.537612199783
1226,-0.467488467693,0.172282397747
1227,-0.177748024464,0.429859310389
1228,-0.783685564995,0.0809789896011
1229,0.0888251885772,0.403703421354
1230,-0.36507666111,0.360444694757
1231,-0.228139773011,0.358560621738
1232,-0.0406630448997,0.424455553293
1233,0.191663742065,0.351729750633
1234,0.111648723483,0.442091435194
1235,0.544932723045,0.530990719795
1236,0.0952721014619,0.453214079142
1237,0.366600066423,0.300088047981
1238,0.371916502714,0.314440816641
1239,0.164410158992,0.334335714579
1240,0.0188524499536,0.317781686783
1241,-0.000289039599011,0.101517744362
1242,-0.216650649905,0.139251053333
1243,-0.741341888905,-0.327054977417
1244,-0.596991300583,-0.353708833456
1245,-0.882793307304,-0.0538168884814
1246,-0.776334941387,-0.0653026401997
1247,-0.628104448318,0.197292372584
1248,-0.632982194424,0.225141450763
1249,-0.51445132494,0.387947678566
1250,-0.0875291526318,0.371446758509
1251,-0.536280274391,0.257035017014
1252,-0.202722385526,0.408294826746
1253,-0.371856749058,0.17530401051
1254,-0.00666239392012,-0.0509689822793
1255,-0.347346335649,0.00784429255873
1256,-0.0753645449877,-0.0627157986164
1257,-0.00513210287318,-0.222944796085
1258,-0.0602362751961,0.055275645107
1259,-0.328048378229,-0.757441401482
1260,-0.355315029621,-0.410331755877
1261,-0.186283051968,0.089335642755
1262,-0.382791697979,0.310925781727
1263,-0.0709411352873,0.403310120106
1264,0.228378385305,0.537009477615
1265,0.167002111673,-0.358397901058
1266,0.380585104227,0.257279574871
1267,0.352077782154,0.0262475349009
1268,0.14446721971,0.199981242418
1269,-0.293989211321,0.0252445880324
1270,-0.323818027973,-0.0404404401779
1271,-0.482730448246,-0.34719479084
1272,-0.210805758834,-0.047161474824
1273,0.680179774761,-0.0343352109194
1274,0.420611590147,-0.0454673357308
1275,0.546605527401,0.0825883373618
1276,0.174011334777,0.0272336956114
1277,0.0519962236285,0.134851664305
1278,-0.149185329676,0.412885993719
1279,-0.367261856794,0.405966073275
1280,-0.176225975156,0.21305501461
1281,0.21621838212,0.495994865894
1282,0.364426672459,0.728250741959
1283,0.234945863485,0.517407953739
1284,0.37876316905,0.574816584587
1285,0.482887536287,0.390543699265
1286,0.365776568651,0.48150151968
1287,0.439496427774,0.160861298442
1288,0.302674710751,0.569654583931
1289,0.267268270254,0.447739481926
1290,0.0914319083095,0.502151310444
1291,-0.00726610515267,0.0766907632351
1292,-0.215667113662,-0.0663162469864
1293,-0.356341391802,0.128588631749
1294,0.0694283172488,-0.0940169170499
1295,-0.231685802341,-0.162933155894
1296,0.355912923813,-0.204690828919
1297,-0.357410818338,0.1827981323
1298,0.109213083982,-0.303951203823
1299,-0.214440926909,0.0318767875433
1300,-0.0846826806664,-0.200162857771
1301,0.155613973737,0.0723738968372
1302,-0.186308950186,-0.0488223321736
1303,-0.341899216175,-0.527648687363
1304,-0.462322503328,-0.4987809062
1305,-0.655733883381,-0.304394841194
1306,-0.566035270691,-0.0766437351704
1307,-0.184469655156,0.239153712988
1308,0.0164346899837,-0.112944379449
1309,0.0254478529096,-0.188062056899
1310,0.151900723577,-0.5250903368
1311,0.138207480311,-0.357428312302
1312,0.284393906593,-0.72000002861
1313,0.159995466471,-0.651116907597
1314,0.0918796136975,-0.558281302452
1315,-0.184291124344,-0.530801534653
1316,-0.0777942612767,-0.54351246357
1317,0.112678460777,-0.379064172506
1318,-0.0348888300359,-0.237234205008
1319,-0.279362082481,-0.245097801089
1320,-0.0766713395715,-0.556936860085
1321,-0.312930673361,-0.388419985771
1322,-0.347204685211,-0.387237519026
1323,0.356981784105,0.519160687923
1324,-0.680611789227,-0.233800947666
1325,-0.457879751921,0.0837445110083
1326,-0.494938611984,-0.268338173628
1327,-0.262114435434,-0.308321416378
1328,-0.301870435476,-0.505205154419
1329,0.111666217446,-0.653794288635
1330,0.0159046892077,-0.377002894878
1331,0.231165930629,-0.395253419876
1332,-0.11498504132,0.306215852499
1333,0.146623134613,-0.233546406031
1334,0.278108775616,-0.246816202998
1335,0.0791190490127,0.72295665741
1336,0.300315439701,0.0139991212636
1337,-0.111827641726,0.491984754801
1338,0.10549389571,-0.370712190866
1339,-0.321877121925,-0.605917572975
1340,-0.0560116544366,-0.659112036228
1341,-0.0958408415318,-0.855344891548
1342,0.047162104398,-0.375972092152
1343,-0.175852611661,-0.625035762787
1344,-0.0660915896297,0.0757410898805
1345,-0.244018599391,0.288777798414
1346,-0.151698932052,0.371877640486
1347,-0.110555052757,0.206810414791
1348,0.0186839476228,-0.0127156451344
1349,-0.0596842877567,-0.558913230896
1350,0.154283851385,-0.440931499004
1351,0.620109379292,0.291297465563
1352,0.259737551212,-0.323488265276
1353,0.71565413475,0.161301106215
1354,0.403905391693,0.047431871295
1355,0.485469222069,0.187807917595
1356,0.320356696844,0.504158198833
1357,0.162403702736,0.18486264348
1358,0.0534291341901,0.572128117085
1359,0.258657932281,0.668068110943
1360,0.0106091173366,0.336738109589
1361,0.0915363356471,0.106225036085
1362,0.013833780773,-0.131618261337
1363,0.0449474528432,0.176616936922
1364,0.201985791326,-0.0885383635759
1365,0.338263511658,-0.0405345186591
1366,0.417717158794,0.368338286877
1367,0.00592375546694,-0.0297499280423
1368,0.181955739856,0.275638133287
1369,-0.488581717014,-0.468348890543
1370,-0.0159449353814,-0.173713982105
1371,-0.0709738060832,-0.463268607855
1372,0.304060190916,-0.343226104975
1373,-0.0989219173789,-0.454837948084
1374,0.471013188362,-0.358663797379
1375,0.0495150722563,-0.359113872051
1376,0.215520143509,-0.152367174625
1377,-0.33273011446,-0.442990362644
1378,-0.430756062269,-0.134754911065
1379,-0.30223146081,-0.1200170964
1380,-0.181242510676,-0.0145013546571
1381,0.557969093323,-0.0837254524231
1382,0.704805016518,0.107999689877
1383,0.0285640209913,0.668232619762
1384,-0.0176563169807,0.203750163317
1385,-0.173964157701,0.00838470365852
1386,-0.15222761035,-0.451972126961
1387,-0.0555904470384,0.425391644239
1388,-0.153905749321,-0.670003533363
1389,-0.196684002876,-0.369654476643
1390,0.232025533915,-0.249576285481
1391,0.440472990274,-0.258706003428
1392,0.427985340357,-0.105205126107
1393,0.769825339317,-0.168817266822
1394,0.63208335638,-0.203141212463
1395,0.416844546795,-0.0699532851577
1396,0.688347458839,-0.0761457234621
1397,0.649507164955,-0.369307637215
1398,0.394276440144,0.212773546576
1399,0.37813526392,-0.251573354006
1400,0.180488973856,-0.279578715563
1401,0.0501032583416,0.00348656135611
1402,0.0110245905817,0.299128502607
1403,-0.24748274684,-0.165586814284
1404,-0.125279575586,-0.456414043903
1405,-0.567936897278,-0.317089259624
1406,-0.321366250515,-0.437977820635
1407,0.378507971764,-0.507996976376
1408,-0.521086990833,0.335151940584
1409,-0.431261867285,-0.0435678251088
1410,0.244083285332,-0.812160909176
1411,0.0702318996191,0.589015185833
1412,0.341670751572,-0.747413635254
1413,0.00809029582888,-0.788743317127
1414,0.308939963579,-0.387199878693
1415,-0.0768839865923,-0.668096005917
1416,-0.381313800812,-0.60984903574
1417,-0.366607010365,-0.593757987022
1418,-0.229072734714,-0.381949782372
1419,-0.262004971504,-0.278050720692
1420,-0.128842324018,0.0256946533918
1421,-0.209015905857,0.39929369092
1422,-0.236317411065,0.413159996271
1423,-0.221465244889,0.172620117664
1424,-0.0799922421575,0.234045878053
1425,-0.257103860378,-0.20832785964
1426,-0.519003391266,-0.137060880661
1427,-0.524627268314,0.043289039284
1428,0.532424449921,0.52665323019
1429,0.461998343468,0.500492870808
1430,0.240805193782,0.264998048544
1431,0.392702460289,0.689528882504
1432,0.320132732391,0.549952864647
1433,0.217748165131,0.369475066662
1434,0.107652612031,0.400820225477
1435,-0.177851781249,0.125329852104
1436,-0.360761910677,-0.213194459677
1437,-0.467658787966,-0.328121721745
1438,-0.193866580725,-0.193899989128
1439,-0.286023497581,-0.366389364004
1440,-0.489437103271,0.0334616973996
1441,-0.252251774073,0.128233164549
1442,-0.492914766073,-0.289954900742
1443,-0.0864532962441,-0.304370820522
1444,-0.437305957079,-0.106662422419
1445,-0.541774749756,0.0741465315223
1446,-0.543708384037,-0.230433985591
1447,-0.473434060812,-0.343549698591
1448,-0.540864050388,-0.135430425406
1449,-0.323216468096,-0.314800828695
1450,-0.497217565775,-0.20132638514
1451,-0.173027649522,-0.185837104917
1452,0.415484130383,0.223225742579
1453,0.496287256479,0.0536571629345
1454,0.380932331085,0.195952579379
1455,0.181486546993,-0.170880421996
1456,0.0983216613531,0.139319643378
1457,0.172562077641,0.0785400643945
1458,-0.0923841968179,-0.723302066326
1459,0.286161571741,0.4513053298
1460,0.0137034244835,0.760724425316
1461,0.0494395345449,0.462198764086
1462,-0.25558796525,0.509250700474
1463,-0.145743831992,0.49447196722
1464,-0.69324439764,0.491203516722
1465,-0.116830416024,0.197335273027
1466,0.459886223078,0.41136226058
1467,-0.111270323396,0.432903051376
1468,0.668829977512,0.520505487919
1469,0.637860536575,0.463615983725
1470,0.444788306952,0.31517457962
1471,0.358001351357,0.410198271275
1472,-0.266087263823,-0.554415583611
1473,0.14852681756,0.438475221395
1474,-0.39171603322,-0.306590139866
1475,-0.471270948648,-0.108578540385
1476,-0.350018978119,-0.129815116525
1477,-0.425529241562,-0.424585253
1478,-0.358378142118,-0.60684710741
1479,-0.161845192313,-0.564253866673
1480,0.189376831055,-0.595888495445
1481,0.323846936226,-0.708115160465
1482,0.410603165627,-0.514544487
1483,-0.0275675021112,-0.365496635437
1484,-0.135340809822,-0.035608522594
1485,-0.19594155252,-0.55633944273
1486,0.0306463222951,0.13050724566
1487,-0.158634454012,0.198755919933
1488,-0.284940898418,0.121466241777
1489,-0.297169208527,-0.740532636642
1490,-0.415714591742,-0.648371994495
1491,-0.150258809328,-0.541275501251
1492,-0.471240103245,-0.398136377335
1493,0.0340792015195,-0.43393021822
1494,-0.402998387814,-0.289250254631
1495,-0.31800994277,0.0334873907268
1496,-0.373469144106,0.216602325439
1497,-0.076221562922,0.0295071769506
1498,0.0126009229571,0.81324338913
1499,0.113804191351,0.494639247656
1500,0.0896179825068,0.890462458134
1501,0.166020765901,0.604195833206
1502,0.312821298838,0.715909600258
1503,0.334169238806,0.574061453342
1504,0.19140791893,0.417703300714
1505,-0.193324118853,0.598139584064
1506,-0.0303732026368,0.449497610331
1507,-0.293588578701,0.464291721582
1508,-0.129964545369,0.543968081474
1509,-0.338769137859,0.424128621817
1510,0.203275710344,0.723610758781
1511,0.510533392429,0.583100020885
1512,0.0944678559899,0.558677315712
1513,0.0857506170869,0.142665624619
1514,0.446654587984,-0.124301843345
1515,-0.752825737,0.0701598003507
1516,-0.0124543206766,0.122293159366
1517,-0.272262066603,0.110426165164
1518,-0.0696372240782,-0.292986601591
1519,-0.391772031784,0.00157878454775
1520,-0.096869289875,0.0228025130928
1521,0.194962665439,-0.442919224501
1522,0.521822452545,-0.526709794998
1523,0.272616803646,-0.596623778343
1524,-0.187856674194,0.0170685853809
1525,-0.21087346971,0.717930018902
1526,-0.297911435366,0.36513197422
1527,-0.319118529558,0.58736038208
1528,-0.369134634733,0.596099019051
1529,-0.120468117297,0.341381043196
1530,-0.394981592894,0.713636338711
1531,0.00251165078953,0.0702926963568
1532,-0.349479824305,0.350622057915
1533,-0.279001027346,-0.509713053703
1534,-0.119910135865,-0.126663282514
1535,-0.115199893713,0.757936179638
1536,0.0666462928057,0.610237181187
1537,0.00276807951741,0.174319475889
1538,0.728758335114,0.236134931445
1539,0.874680876732,-0.0102274958044
1540,0.596458315849,-0.0251689478755
1541,-0.184181526303,0.37464594841
1542,0.255915373564,0.188821554184
1543,0.356658369303,-0.155820071697
1544,-0.524347603321,-0.185699820518
1545,-0.236023545265,0.513657569885
1546,-0.406172394753,-0.571714818478
1547,-0.0837320461869,0.441294968128
1548,0.596876680851,-0.220737501979
1549,0.480020940304,-0.453489005566
1550,0.286945879459,-0.468759745359
1551,0.166940361261,-0.305629551411
1552,0.13891300559,-0.305879682302
1553,0.0144495824352,-0.519363880157
1554,-0.0409699268639,-0.300703704357
1555,0.241617769003,-0.205544784665
1556,0.132367491722,0.218737885356
1557,0.639135122299,-0.0398782193661
1558,0.566116929054,0.095472946763
1559,0.280864804983,0.148619249463
1560,0.546736121178,0.0224014166743
1561,0.253124177456,-0.129286751151
1562,0.328805297613,0.186300069094
1563,-0.0975300744176,-0.225315079093
1564,0.182893514633,0.489243000746
1565,-0.289402216673,0.609323263168
1566,-0.0908794775605,0.454405665398
1567,0.149616077542,0.494768798351
1568,0.505622267723,0.317684292793
1569,0.368985682726,0.196639567614
1570,-0.5498265028,0.25968298316
1571,0.162763521075,-0.475555032492
1572,-0.577554643154,-0.155160009861
1573,-0.213926360011,-0.199143365026
1574,-0.500246167183,-0.243986740708
1575,-0.825238645077,-0.211409851909
1576,-0.667496025562,-0.178565368056
1577,-0.230950757861,-0.437040239573
1578,-0.370956093073,-0.390215069056
1579,-0.269776493311,-0.403875887394
1580,-0.132668837905,-0.397882699966
1581,-0.201698049903,-0.179930359125
1582,0.110142052174,-0.105326205492
1583,-0.195094302297,0.400321125984
1584,0.590833246708,-0.195454731584
1585,0.278592944145,0.205368682742
1586,0.17560967803,0.0444680005312
1587,0.0563882701099,-0.153362005949
1588,0.097535431385,0.184710785747
1589,0.0152631737292,0.367728561163
1590,0.161842346191,0.260418951511
1591,0.445402652025,0.167396992445
1592,0.713390052319,0.344240188599
1593,0.727936208248,0.184356272221
1594,0.73288834095,0.400230318308
1595,0.458766371012,0.327806174755
1596,0.0782508403063,-0.306852012873
1597,0.509634256363,-0.577938616276
1598,0.242604777217,-0.542490065098
1599,-0.093551017344,0.65439003706
1600,0.119222946465,-0.384799808264
1601,0.0155094116926,0.45699635148
1602,0.147281423211,0.025389270857
1603,0.00975157041103,0.714555978775
1604,0.133978366852,0.324475556612
1605,-0.0117473881692,0.388473927975
1606,0.185224056244,0.666307210922
1607,0.298099905252,0.245933637023
1608,-0.191014409065,0.746786475182
1609,-0.0106250429526,0.489333152771
1610,-0.0132180359215,0.810966312885
1611,-0.742682635784,-0.0365065783262
1612,-0.0322108566761,0.656459569931
1613,-0.883457005024,0.199677973986
1614,-0.712991654873,0.106095328927
1615,-0.503723800182,0.291563093662
1616,-0.397941440344,-0.133652478456
1617,-0.0637878254056,0.252615272999
1618,-0.164259776473,0.170307561755
1619,0.577544689178,0.355163007975
1620,0.417552888393,0.276674300432
1621,0.685483217239,0.478052139282
1622,0.532662451267,0.410219341516
1623,0.641232073307,0.367223381996
1624,0.488850474358,0.209403410554
1625,0.424677848816,0.258018404245
1626,0.380400568247,0.469132304192
1627,0.349388509989,0.785614073277
1628,0.168133869767,0.816946744919
1629,0.0438488163054,0.700594365597
1630,-0.0681370049715,0.584201455116
1631,-0.0774481445551,0.257724642754
1632,-0.258796542883,0.226385235786
1633,-0.917216718197,-0.0848362147808
1634,-0.740003526211,0.128141745925
1635,-0.81625264883,-0.0357600338757
1636,-0.641209959984,-0.00663093710318
1637,-0.4648232162,0.447955042124
1638,-0.765864193439,0.267902225256
1639,-0.501978814602,0.263323783875
1640,-0.613113284111,0.466857343912
1641,-0.442371398211,0.338827133179
1642,-0.435119301081,0.33714428544
1643,-0.180354341865,0.139185070992
1644,-0.125259324908,0.490707278252
1645,-0.32523098588,-0.366952747107
1646,0.0988180562854,-0.660408854485
1647,-0.0692108348012,-0.492240965366
1648,-0.310994803905,0.327570438385
1649,-0.176574006677,-0.133122295141
1650,0.161612808704,0.0294436737895
1651,-0.435388475657,-0.222598195076
1652,-0.176752239466,-0.473040312529
1653,-0.370297670364,-0.459651470184
1654,-0.506758987904,-0.384618401527
1655,-0.566268444061,-0.258139669895
1656,-0.697887063026,-0.297333419323
1657,-0.4061883986,0.513266980648
1658,-0.511978387833,0.333223164082
1659,-0.291642040014,0.218986913562
1660,-0.263748526573,0.198258578777
1661,-0.199432775378,-0.0719853043556
1662,0.0177601315081,-0.71472966671
1663,0.0321007892489,-0.948382675648
1664,0.362959384918,-0.317424148321
1665,0.202970653772,-0.759266018867
1666,-0.597009837627,0.470925450325
1667,-0.514433503151,0.459024429321
1668,-0.632589042187,0.0944618731737
1669,-0.269218325615,0.682906627655
1670,-0.0255079679191,0.553163409233
1671,0.144635945559,0.940883994102
1672,0.0167839378119,0.645706355572
1673,0.18719406426,0.746218562126
1674,0.171604678035,0.508094608784
1675,0.323110461235,0.399300396442
1676,0.0312103014439,0.0626823678613
1677,0.604126751423,-0.679898142815
1678,0.042165286839,0.0339072532952
1679,0.334983855486,-0.424553453922
1680,-0.0420492477715,0.447352439165
1681,0.0124044325203,-0.44883236289
1682,0.0496583990753,-0.276238948107
1683,0.0681492611766,-0.0437696129084
1684,-0.26656499505,-0.0509917959571
1685,-0.36849334836,0.366211920977
1686,-0.0990232974291,0.512060463428
1687,0.326114714146,0.135580450296
1688,0.0436080917716,0.505033910275
1689,0.656598865986,-0.00984682422131
1690,0.632593333721,-0.261772096157
1691,0.720426499844,-0.0746585056186
1692,0.405719280243,-0.031360052526
1693,0.520122528076,-0.0121839828789
1694,0.439088821411,0.0662588402629
1695,0.230069041252,0.205811694264
1696,0.247140213847,0.302838474512
1697,0.201191663742,0.589389204979
1698,0.0845060646534,0.14355224371
1699,0.301346987486,0.0344093218446
1700,0.0440438091755,-0.0908283442259
1701,0.49866142869,-0.311532050371
1702,0.680908679962,-0.361565411091
1703,0.577764749527,-0.0217038672417
1704,0.470457971096,-0.217476636171
1705,0.696738123894,-0.0377132855356
1706,0.727384209633,-0.120927542448
1707,-0.162890538573,-0.0356305278838
1708,-0.425734519958,0.194517076015
1709,0.642880380154,0.0858322679996
1710,0.391667097807,-0.131958544254
1711,0.37196201086,0.0420469939709
1712,0.295691251755,0.167378202081
1713,-0.370313704014,0.33243778348
1714,-0.0461114346981,0.202057391405
1715,-0.499045610428,0.162499934435
1716,0.144883215427,0.445770829916
1717,0.406110167503,0.306322306395
1718,0.125877812505,0.230787068605
1719,-0.0922638252378,0.329888433218
1720,0.31023851037,0.272624671459
1721,0.418256133795,0.0157091598958
1722,0.581130683422,0.11751241982
1723,0.180506139994,-0.153317943215
1724,-0.727337479591,0.263484477997
1725,-0.567426502705,0.178632244468
1726,-0.301677376032,0.281704634428
1727,-0.174167752266,0.295724242926
1728,0.0472656264901,0.283736854792
1729,0.136246457696,0.295722156763
1730,0.264276266098,0.328778922558
1731,0.0163333490491,0.291731536388
1732,0.260079950094,0.1119068712
1733,0.0951646342874,-0.140877828002
1734,0.240630313754,-0.0730164349079
1735,0.0965207070112,-0.317131310701
1736,0.141613736749,-0.18616771698
1737,-0.0218253675848,-0.570139408112
1738,0.273887366056,-0.354354828596
1739,0.0951939672232,-0.626947999001
1740,-0.0277880616486,-0.285575985909
1741,0.174002274871,-0.538356363773
1742,0.166320770979,-0.240905955434
1743,-0.587912559509,0.0481814220548
1744,-0.370842933655,0.688076734543
1745,-0.50554060936,0.353693395853
1746,-0.30238237977,0.307268500328
1747,-0.485517978668,0.251860886812
1748,-0.496533691883,0.622698307037
1749,-0.253051102161,0.184977248311
1750,0.0152025986463,0.514405727386
1751,0.193811357021,0.299148291349
1752,0.337682455778,0.236692026258
1753,0.228462129831,0.320631146431
1754,0.501061081886,0.332403928041
1755,0.446313947439,0.572453975677
1756,0.285019010305,0.501046717167
1757,0.396191030741,0.238663434982
1758,-0.169361323118,0.455225169659
1759,0.367498934269,-0.536775767803
1760,-0.0929543673992,0.107352681458
1761,0.232036858797,-0.536459326744
1762,-0.838012039661,-0.326361596584
1763,-0.503493666649,-0.367493897676
1764,-0.855411529541,-0.0863136798143
1765,-0.703721284866,0.167400404811
1766,-0.541735470295,-0.0844931080937
1767,-0.19301661849,-0.319159179926
1768,-0.513895332813,0.0821152180433
1769,-0.634643793106,-0.172360658646
1770,-0.787870466709,0.241408541799
1771,-0.524474620819,-0.00668236101046
1772,-0.547891020775,-0.0975100323558
1773,-0.249331146479,0.00910239201039
1774,0.731106758118,-0.409491091967
1775,0.0112830819562,-0.305010616779
1776,0.581504464149,-0.540666401386
1777,0.248577475548,-0.416817039251
1778,0.455970674753,-0.381723076105
1779,-0.0780332535505,-0.612248539925
1780,-0.0246513485909,-0.776554584503
1781,-0.158292487264,-0.792633235455
1782,-0.184684365988,-0.443517178297
1783,0.537228941917,-0.265945136547
1784,-0.395987689495,-0.348145157099
1785,-0.507414400578,-0.267189651728
1786,-0.162386029959,-0.0650299564004
1787,-0.388031363487,0.162729308009
1788,-0.14486309886,-0.212380304933
1789,0.0219600945711,0.21369253099
1790,0.155736774206,-0.052216399461
1791,0.263785660267,-0.0662996917963
1792,-0.00414991332218,0.259838849306
1793,0.693132221699,0.436592817307
1794,0.54017084837,0.106973074377
1795,0.624412417412,0.28923651576
1796,0.221303924918,-0.00650517642498
1797,-0.440764784813,0.122923798859
1798,-0.0518553815782,-0.0994347408414
1799,-0.728123664856,-0.0233951993287
1800,-0.337004154921,-0.070816591382
1801,-0.120749510825,-0.0376491770148
1802,-0.188078925014,0.170400679111
1803,-0.026061527431,-0.0153397610411
1804,0.354666739702,0.0783375278115
1805,0.576785862446,0.0402068607509
1806,0.625014126301,-0.0679150596261
1807,0.833056330681,0.0947216525674
1808,0.686295151711,0.178211018443
1809,0.786575317383,-0.155121341348
1810,0.523655116558,-0.158626973629
1811,0.242111667991,-0.236302524805
1812,0.160918578506,-0.294043213129
1813,-0.566817879677,-0.237256705761
1814,0.118073679507,-0.114693425596
1815,-0.156831309199,-0.129141375422
1816,-0.258242249489,-0.0284356549382
1817,-0.025356695056,-0.126271262765
1818,0.325135946274,0.0409012325108
1819,-0.344031274319,-0.201745539904
1820,-0.393848776817,-0.163120806217
1821,-0.415715605021,-0.166911482811
1822,-0.150277212262,-0.255442172289
1823,0.118435457349,-0.500750362873
1824,0.0531606040895,-0.447254687548
1825,0.251286357641,-0.186189308763
1826,0.105531640351,-0.17111428082
1827,-0.182744339108,-0.386862933636
1828,-0.163114860654,-0.33109369874
1829,-0.0941366553307,-0.966624796391
1830,-0.383056968451,-0.545127809048
1831,-0.14463584125,-0.819478988647
1832,-0.268933355808,-0.531600415707
1833,0.0627330616117,-0.460564553738
1834,0.177743390203,0.259922534227
1835,0.199670225382,-0.314039558172
1836,0.21011775732,0.177822545171
1837,-0.0344493873417,-0.0571730546653
1838,-0.0710953995585,-0.347298681736
1839,0.0202446952462,-0.31897804141
1840,-0.172085180879,-0.0910722836852
1841,-0.155998319387,-0.107038035989
1842,-0.306078106165,0.114356614649
1843,-0.0211420860142,0.417119830847
1844,0.167903006077,-0.602118432522
1845,-0.040934856981,0.567780435085
1846,0.202549263835,-0.248812302947
1847,0.573193609715,-0.12560454011
1848,0.253424286842,-0.102048151195
1849,-0.0755208805203,0.324469894171
1850,-0.0528594106436,0.0329615883529
1851,0.656576275826,-0.201772004366
1852,0.321860909462,-0.0647983849049
1853,0.234118580818,0.356302767992
1854,0.238441720605,0.578245520592
1855,0.360776990652,0.439292132854
1856,0.190501973033,0.571003913879
1857,0.039423443377,0.352993428707
1858,0.119152374566,0.270394861698
1859,0.577269434929,-0.516650974751
1860,0.257672190666,-0.390830516815
1861,0.516813218594,-0.337109476328
1862,0.388346731663,-0.374277025461
1863,0.0455656908453,-0.29850551486
1864,0.17818441987,-0.361316710711
1865,-0.00754892686382,0.429549396038
1866,0.284304618835,-0.0449257269502
1867,0.289461284876,0.371891885996
1868,0.574022769928,0.210646614432
1869,0.471839010715,0.0947912856936
1870,0.376812696457,0.0988687053323
1871,0.110269643366,0.221198946238
1872,-0.172630697489,0.702223837376
1873,-0.0735038742423,-0.539439916611
1874,0.0825961977243,-0.283986479044
1875,0.550734698772,0.234703287482
1876,0.352947175503,0.374480962753
1877,0.279751956463,-0.302650988102
1878,0.0551644675434,-0.817994534969
1879,-0.464443475008,-0.269421935081
1880,-0.147378057241,-0.629436552525
1881,-0.170815348625,-0.440064221621
1882,-0.14061331749,-0.350867211819
1883,-0.0599451735616,0.00598653033376
1884,-0.0801006183028,-0.256449311972
1885,-0.185580328107,-0.161328032613
1886,-0.142069518566,-0.274376839399
1887,-0.235287666321,-0.0563603490591
1888,-0.00376406358555,-0.0716110393405
1889,-0.448230475187,-0.335498064756
1890,0.025121493265,0.187787130475
1891,-0.227745682001,0.0104671437293
1892,0.142519161105,0.461781591177
1893,-0.402941763401,0.18614372611
1894,0.274055749178,0.180461794138
1895,-0.659536898136,-0.0680443122983
1896,-0.543522953987,-0.355567961931
1897,-0.555989801884,0.0336047075689
1898,-0.351000875235,-0.0870063602924
1899,-0.21653996408,0.333975672722
1900,-0.0393737889826,0.668994247913
1901,0.0728733241558,0.262718647718
1902,0.0713445395231,0.377340406179
1903,0.267478883266,0.212802499533
1904,0.109713457525,0.549689650536
1905,0.275040030479,0.531334221363
1906,-0.0320648178458,0.226277381182
1907,-0.300528049469,0.399927407503
1908,0.0426224730909,0.577575027943
1909,0.1088392362,-0.0302215777338
1910,-0.00720403948799,0.307637691498
1911,0.0710624977946,0.53784006834
1912,-0.191715568304,0.224637895823
1913,0.231920868158,0.243490502238
1914,-0.340277910233,0.487285017967
1915,-0.207230970263,0.522088289261
1916,0.34233084321,-0.0276217516512
1917,0.146902248263,0.365568935871
1918,0.570044517517,-0.0287757311016
1919,0.317939311266,0.170265987515
1920,0.6587048769,-0.0958662927151
1921,0.315481364727,-0.133477643132
1922,0.527766883373,-0.067054413259
1923,0.158934190869,-0.173709318042
1924,0.391484171152,-0.211361959577
1925,0.128834977746,-0.0640436261892
1926,-0.360787302256,0.0408735834062
1927,-0.48475459218,0.214138507843
1928,-0.696943700314,0.0424952730536
1929,-0.609098017216,0.230500847101
1930,-0.659864246845,0.0778689309955
1931,-0.406260788441,0.123195283115
1932,-0.814542889595,0.135550037026
1933,-0.680401563644,0.122609131038
1934,-0.487961053848,0.169264361262
1935,-0.127803862095,0.259141087532
1936,0.472813695669,0.562254011631
1937,0.782456040382,0.0582782737911
1938,0.498854666948,0.181524813175
1939,0.556862533092,-0.120477080345
1940,0.292417258024,-0.182671397924
1941,0.926013290882,-0.243006333709
1942,0.774428844452,-0.374750256538
1943,0.557978749275,-0.184746727347
1944,0.458372682333,-0.432825773954
1945,0.614314615726,0.0830875337124
1946,-0.0647787824273,-0.425365328789
1947,0.54291254282,0.365526884794
1948,0.341726750135,0.108209460974
1949,0.211138173938,0.357979923487
1950,0.541637718678,0.262580662966
1951,0.274104475975,0.00906452443451
1952,-0.366757839918,-0.689889132977
1953,-0.0208482854068,-0.468463778496
1954,-0.434429228306,-0.551479876041
1955,-0.188729017973,-0.692257702351
1956,-0.13958401978,-0.772251784801
1957,0.0984383895993,-0.767320811749
1958,0.22208917141,0.834851682186
1959,-0.452087908983,0.716135084629
1960,-0.528718471527,0.476900488138
1961,-0.582566261292,0.58178704977
1962,-0.482985377312,0.303944855928
1963,-0.386384904385,0.437896132469
1964,-0.179211199284,0.499185264111
1965,-0.0305714216083,0.702411174774
1966,0.249602273107,0.511556863785
1967,-0.436614274979,-0.269520610571
1968,-0.286064207554,-0.159039467573
1969,-0.418583780527,-0.0540455579758
1970,0.262506306171,-0.102418623865
1971,-0.190383762121,-0.328341603279
1972,-0.226766318083,-0.219121262431
1973,-0.167976185679,-0.514408349991
1974,-0.446957796812,-0.579914271832
1975,-0.272844463587,-0.37285348773
1976,-0.531073391438,-0.369814664125
1977,-0.110236622393,0.173865616322
1978,-0.269855976105,0.235059916973
1979,-0.324171483517,-0.213783577085
1980,-0.316007196903,0.357475817204
1981,-0.291702210903,-0.343142390251
1982,-0.0133384689689,-0.156385406852
1983,-0.317338734865,-0.274506211281
1984,0.347755104303,-0.440723389387
1985,0.527194797993,-0.597113370895
1986,0.535321235657,-0.342721819878
1987,-0.185535341501,-0.419739574194
1988,0.469922959805,0.146326959133
1989,0.195338472724,0.344077318907
1990,0.379661351442,0.0333504714072
1991,0.215531557798,0.119518212974
1992,-0.108064003289,0.455411612988
1993,-0.394202321768,0.680317044258
1994,-0.171391949058,0.201663121581
1995,-0.054542761296,0.354936391115
1996,-0.248631000519,0.163107678294
1997,-0.375293523073,0.097611874342
1998,-0.682325661182,0.262895435095
1999,-0.494982898235,0.309795558453